quarter,us_regime,eurozone_regime,regime_divergence,us_10y_2y_spread,us_curve_regime,eurozone_10y_2y_spread,eurozone_curve_regime,italy_germany_10y_spread,us_expected_real_2y_rate,eurozone_expected_real_2y_rate,italy_germany_spread_qoq_change,curve_confirmation,curve_signal,forward_real_rate_signal,fragmentation_signal,market_confirmation_signal,us_10y_yield,eurozone_10y_yield,us_10y_qoq_change,eurozone_10y_qoq_change,us_10y_direction,eurozone_10y_direction,us_10y_breakeven,us_10y_real_yield_proxy
2008Q4,Deflationary Slowdown,Deflationary Slowdown,False,1.49,Positive,1.550533840408776,Positive,1.4190000000000005,-0.6024497599999998,0.2601766320408605,,False,No Curve Stress,One Negative,Unchanged,Mixed Market Signals,2.25,3.688186159441063,,,Unchanged,Unchanged,0.11,2.14
2009Q1,Deflationary Slowdown,Deflationary Slowdown,False,1.9,Positive,2.31172656397751,Positive,1.4380000000000002,-0.03540144333333328,-0.46615501704471485,0.018999999999999684,False,No Curve Stress,Both Negative,Widening,Mixed Market Signals,2.71,3.773288938237143,0.45999999999999996,0.08510277879608008,Rising,Rising,1.28,1.43
2009Q2,Deflationary Slowdown,Deflationary Slowdown,False,2.42,Positive,2.486159790148455,Positive,1.1359999999999997,-0.3569993,-0.4534579521446136,-0.3020000000000005,False,No Curve Stress,Both Negative,Narrowing,Mixed Market Signals,3.53,3.9874637427657458,0.8199999999999998,0.2141748045286027,Rising,Rising,1.75,1.7799999999999998
2009Q3,Deflationary Slowdown,Deflationary Slowdown,False,2.3600000000000003,Positive,2.307927628679841,Positive,0.8280000000000003,-0.9517183,-0.6010819332997372,-0.3079999999999994,False,No Curve Stress,Both Negative,Narrowing,Mixed Market Signals,3.31,3.6351065649453216,-0.21999999999999975,-0.3523571778204242,Falling,Falling,1.75,1.56
2009Q4,Goldilocks,Deflationary Slowdown,True,2.71,Positive,2.3807004239442726,Positive,0.8669999999999995,-0.5827033000000001,-0.5946026254772496,0.03899999999999926,False,No Curve Stress,Both Negative,Widening,Mixed Market Signals,3.85,3.7595293848336273,0.54,0.12442281988830572,Rising,Rising,2.37,1.48
2010Q1,Deflationary Slowdown,Deflationary Slowdown,False,2.82,Positive,2.41049125133222,Positive,0.8449999999999998,-0.7660983333333333,-0.9909764718031631,-0.021999999999999797,False,No Curve Stress,Both Negative,Narrowing,Mixed Market Signals,3.84,3.462696597710875,-0.010000000000000231,-0.2968327871227525,Falling,Falling,2.24,1.5999999999999996
2010Q2,Goldilocks,Goldilocks,False,2.3600000000000003,Positive,2.3321231965845644,Positive,1.5620000000000003,-1.0207395333333333,-1.415703261753083,0.7170000000000005,False,No Curve Stress,Both Negative,Widening,Mixed Market Signals,2.97,3.0252571441338065,-0.8699999999999997,-0.43743945357706826,Falling,Falling,1.82,1.1500000000000001
2010Q3,Goldilocks,Deflationary Slowdown,True,2.11,Positive,1.7729275359204484,Positive,1.5620000000000003,-0.8388059999999999,-1.0821181928222205,0.0,False,No Curve Stress,Both Negative,Unchanged,Mixed Market Signals,2.53,2.672248877981948,-0.4400000000000004,-0.3530082661518583,Falling,Falling,1.78,0.7499999999999998
2010Q4,Goldilocks,Goldilocks,False,2.69,Positive,2.4330129634342117,Positive,1.6929999999999996,-0.7696228666666668,-0.777559904129005,0.13099999999999934,False,No Curve Stress,Both Negative,Widening,Mixed Market Signals,3.3,3.3617030593052064,0.77,0.6894541813232582,Rising,Rising,2.3,1.0
2011Q1,Deflationary Slowdown,Goldilocks,True,2.67,Positive,1.8667625681971936,Positive,1.665,-1.0732640666666666,0.1753709054775987,-0.02799999999999958,False,No Curve Stress,One Negative,Narrowing,Mixed Market Signals,3.47,3.657760973674792,0.17000000000000037,0.2960579143695856,Rising,Rising,2.48,0.9900000000000002
2011Q2,Overheating,Deflationary Slowdown,True,2.73,Positive,1.753718636495851,Positive,1.9259999999999997,-1.5204225333333332,0.071688579179088,0.2609999999999997,False,No Curve Stress,One Negative,Widening,Mixed Market Signals,3.18,3.407358435187134,-0.29000000000000004,-0.2504025384876578,Falling,Falling,2.43,0.75
2011Q3,Stagflation,Deflationary Slowdown,True,1.67,Positive,1.7374763665496256,Positive,3.9160000000000004,-1.3416184666666666,-0.913801337307673,1.9900000000000007,False,No Curve Stress,Both Negative,Widening,Mixed Market Signals,1.92,2.483376235288464,-1.2600000000000002,-0.9239821998986701,Falling,Falling,1.75,0.16999999999999993
2011Q4,Overheating,Deflationary Slowdown,True,1.64,Positive,2.238911208048882,Positive,4.882000000000001,-1.2140294999999999,-1.2416885632786057,0.9660000000000002,False,No Curve Stress,Both Negative,Widening,Mixed Market Signals,1.89,2.645128365970277,-0.030000000000000027,0.16175213068181282,Falling,Rising,1.96,-0.07000000000000006
2012Q1,Goldilocks,Deflationary Slowdown,True,1.9,Positive,2.206568154933123,Positive,3.2190000000000003,-1.0610904666666665,-1.2580310046482996,-1.6630000000000003,False,No Curve Stress,Both Negative,Narrowing,Mixed Market Signals,2.23,2.599159047720721,0.3400000000000001,-0.04596931824955597,Rising,Falling,2.32,-0.08999999999999986
2012Q2,Deflationary Slowdown,Deflationary Slowdown,False,1.3399999999999999,Positive,2.0471003430057335,Positive,4.604,-1.0056896333333334,-1.423965009116771,1.3849999999999998,False,No Curve Stress,Both Negative,Widening,Mixed Market Signals,1.67,2.3157381116667404,-0.56,-0.28342093605398055,Falling,Falling,2.13,-0.45999999999999996
2012Q3,Deflationary Slowdown,Deflationary Slowdown,False,1.42,Positive,1.8688473131225716,Positive,3.7639999999999993,-1.167570166666667,-1.5810541140855832,-0.8400000000000007,False,No Curve Stress,Both Negative,Narrowing,Mixed Market Signals,1.65,1.9401481093651816,-0.020000000000000018,-0.3755900023015588,Falling,Falling,2.42,-0.77
2012Q4,Deflationary Slowdown,Deflationary Slowdown,False,1.53,Positive,1.7355568459787496,Positive,3.242,-1.2788359,-1.815095672954045,-0.5219999999999994,False,No Curve Stress,Both Negative,Narrowing,Mixed Market Signals,1.78,1.722533077541371,0.13000000000000012,-0.2176150318238106,Rising,Falling,2.45,-0.6700000000000002
2013Q1,Goldilocks,Deflationary Slowdown,True,1.62,Positive,1.6926389893821292,Positive,3.2899999999999996,-1.0011559333333333,-1.7860093302722382,0.0479999999999996,False,No Curve Stress,Both Negative,Widening,Mixed Market Signals,1.87,1.759226275777391,0.09000000000000008,0.03669319823602013,Rising,Rising,2.51,-0.6399999999999997
2013Q2,Deflationary Slowdown,Goldilocks,True,2.16,Positive,1.8376692811899757,Positive,2.8489999999999993,-0.9339034999999999,-1.6255170949662248,-0.4410000000000003,False,No Curve Stress,Both Negative,Narrowing,Mixed Market Signals,2.52,2.1372549798737515,0.6499999999999999,0.37802870409636036,Rising,Rising,1.99,0.53
2013Q3,Goldilocks,Deflationary Slowdown,True,2.31,Positive,1.8356128499868132,Positive,2.6510000000000007,-1.2701061333333332,-1.6117090863326173,-0.19799999999999862,False,No Curve Stress,Both Negative,Narrowing,Mixed Market Signals,2.64,2.05493861415187,0.1200000000000001,-0.08231636572188128,Rising,Falling,2.19,0.4500000000000002
2013Q4,Goldilocks,Deflationary Slowdown,True,2.66,Positive,1.9926100830317077,Positive,2.314,-1.2039476666666666,-1.4553756951159802,-0.33700000000000063,False,No Curve Stress,Both Negative,Narrowing,Mixed Market Signals,3.04,2.24087957425051,0.3999999999999999,0.1859409600986397,Rising,Rising,2.24,0.7999999999999998
2014Q1,Deflationary Slowdown,Deflationary Slowdown,False,2.29,Positive,1.650326399851397,Positive,1.889,-1.0880393,-1.6701543047656084,-0.42500000000000004,False,No Curve Stress,Both Negative,Narrowing,Mixed Market Signals,2.73,1.82211901094795,-0.31000000000000005,-0.41876056330255995,Falling,Falling,2.13,0.6000000000000001
2014Q2,Goldilocks,Deflationary Slowdown,True,2.0599999999999996,Positive,1.4220472490293083,Positive,1.66,-1.1751577333333332,-1.8701792179365893,-0.2290000000000001,False,No Curve Stress,Both Negative,Narrowing,Mixed Market Signals,2.53,1.4384625015574244,-0.20000000000000018,-0.38365650939052554,Falling,Falling,2.26,0.27
2014Q3,Goldilocks,Deflationary Slowdown,True,1.94,Positive,1.1553526767560265,Positive,1.48,-1.2159270666666666,-2.0227748471834603,-0.17999999999999994,False,No Curve Stress,Both Negative,Narrowing,Mixed Market Signals,2.52,1.0588503966798832,-0.009999999999999787,-0.37961210487754116,Falling,Falling,1.97,0.55
2014Q4,Deflationary Slowdown,Deflationary Slowdown,False,1.5,Positive,0.7648916303640956,Positive,1.4,-1.0032906666666666,-1.9368798478905949,-0.08000000000000007,False,No Curve Stress,Both Negative,Narrowing,Mixed Market Signals,2.17,0.6486316636468334,-0.3500000000000001,-0.4102187330330498,Falling,Falling,1.68,0.49
2015Q1,Goldilocks,Goldilocks,False,1.38,Positive,0.4882992964529015,Positive,1.064,-0.5566231533333332,-1.9864178548951454,-0.33599999999999985,False,No Curve Stress,Both Negative,Narrowing,Mixed Market Signals,1.94,0.2639295264340712,-0.22999999999999998,-0.38470213721276225,Falling,Falling,1.76,0.17999999999999994
2015Q2,Goldilocks,Deflationary Slowdown,True,1.71,Positive,1.1811317464187707,Positive,1.4089999999999998,-0.9922440666666666,-1.9499077104996245,0.34499999999999975,False,No Curve Stress,Both Negative,Widening,Mixed Market Signals,2.35,0.9528411053191466,0.41000000000000014,0.6889115788850754,Rising,Rising,1.87,0.48
2015Q3,Deflationary Slowdown,Deflationary Slowdown,False,1.42,Positive,0.9402520371817968,Positive,1.27,-1.0843129066666664,-1.905025591970269,-0.1389999999999998,False,No Curve Stress,Both Negative,Narrowing,Mixed Market Signals,2.06,0.7033485221551179,-0.29000000000000004,-0.24949258316402867,Falling,Falling,1.41,0.6500000000000001
2015Q4,Deflationary Slowdown,Deflationary Slowdown,False,1.23,Positive,1.1152491763239345,Positive,1.029,-0.4182241200000001,-1.8743978610468486,-0.2410000000000001,False,No Curve Stress,Both Negative,Narrowing,Mixed Market Signals,2.31,0.768969803797086,0.25,0.06562128164196812,Rising,Rising,1.54,0.77
2016Q1,Goldilocks,Deflationary Slowdown,True,1.05,Positive,0.7530470807439604,Positive,1.205,-0.6130371833333332,-1.9368500513350542,0.17600000000000016,False,No Curve Stress,Both Negative,Widening,Mixed Market Signals,1.78,0.2625919426852219,-0.53,-0.5063778611118641,Falling,Falling,1.62,0.15999999999999992
2016Q2,Deflationary Slowdown,Deflationary Slowdown,False,0.91,Positive,0.5565191802591474,Positive,1.473,-0.9586160533333333,-2.1530935875794786,0.268,False,No Curve Stress,Both Negative,Widening,Mixed Market Signals,1.49,-0.1044256146642337,-0.29000000000000004,-0.3670175573494556,Falling,Falling,1.4,0.09000000000000008
2016Q3,Goldilocks,Deflationary Slowdown,True,0.8300000000000001,Positive,0.5577330818943969,Positive,1.356,-0.8307209733333332,-2.0894149075281465,-0.11699999999999999,False,No Curve Stress,Both Negative,Narrowing,Mixed Market Signals,1.6,-0.1620515369928412,0.1100000000000001,-0.0576259223286075,Rising,Falling,1.6,0.0
2016Q4,Goldilocks,Goldilocks,False,1.2500000000000002,Positive,1.058223868297381,Positive,1.636,-0.5727562166666669,-2.021424770942768,0.2799999999999998,False,No Curve Stress,Both Negative,Widening,Mixed Market Signals,2.45,0.2581256056567871,0.8500000000000001,0.4201771426496283,Rising,Rising,1.95,0.5000000000000002
2017Q1,Deflationary Slowdown,Goldilocks,True,1.13,Positive,1.109755950819614,Positive,2.0509999999999997,-0.5176888166666667,-2.1672683552837926,0.4149999999999998,False,No Curve Stress,Both Negative,Widening,Mixed Market Signals,2.4,0.3814023713402656,-0.050000000000000266,0.1232767656834785,Falling,Rising,1.97,0.42999999999999994
2017Q2,Goldilocks,Goldilocks,False,0.9300000000000002,Positive,1.1269558431481492,Positive,1.803,-0.15880954000000003,-2.121818215770406,-0.24799999999999978,False,No Curve Stress,Both Negative,Narrowing,Mixed Market Signals,2.31,0.5409199919834577,-0.08999999999999986,0.15951762064319214,Falling,Rising,1.73,0.5800000000000001
2017Q3,Goldilocks,Goldilocks,False,0.8600000000000001,Positive,1.2162110656738232,Positive,1.759,-0.2686782733333333,-2.2288871672889163,-0.04400000000000004,False,No Curve Stress,Both Negative,Narrowing,Mixed Market Signals,2.33,0.5162529460039549,0.020000000000000018,-0.024667045979502866,Rising,Falling,1.84,0.49
2017Q4,Goldilocks,Goldilocks,False,0.51,Positive,1.1572603111652269,Positive,1.4949999999999999,-0.1279155700000001,-2.1449065858209972,-0.264,False,No Curve Stress,Both Negative,Narrowing,Mixed Market Signals,2.4,0.5220430870463577,0.06999999999999984,0.00579014104240283,Rising,Rising,1.96,0.43999999999999995
2018Q1,Goldilocks,Deflationary Slowdown,True,0.4700000000000002,Positive,1.1583951067621685,Positive,1.435,0.3838083566666668,-2.119074026741151,-0.05999999999999983,False,No Curve Stress,One Negative,Narrowing,Mixed Market Signals,2.74,0.5484389371638745,0.3400000000000003,0.026395850117516773,Rising,Rising,2.05,0.6900000000000004
2018Q2,Goldilocks,Deflationary Slowdown,True,0.33000000000000007,Positive,1.061074921865873,Positive,2.414,0.65342469,-2.13630935859529,0.9790000000000001,False,No Curve Stress,One Negative,Widening,Mixed Market Signals,2.85,0.379055687017642,0.10999999999999988,-0.1693832501462325,Rising,Falling,2.11,0.7400000000000002
2018Q3,Goldilocks,Deflationary Slowdown,True,0.23999999999999977,Flat,1.0542710320427906,Positive,2.589,0.6998592766666665,-1.987742930731781,0.17499999999999982,True,One Curve Stress,One Negative,Widening,Mixed Market Signals,3.05,0.5091276886227742,0.19999999999999973,0.13007200160513227,Rising,Rising,2.14,0.9099999999999997
2018Q4,Deflationary Slowdown,Deflationary Slowdown,False,0.20000000000000018,Flat,0.9744707798379735,Positive,2.785,0.3988419333333333,-2.1857729423903582,0.19600000000000017,True,One Curve Stress,One Negative,Widening,Mixed Market Signals,2.72,0.316223018423702,-0.3299999999999996,-0.19290467019907226,Falling,Falling,1.71,1.0100000000000002
2019Q1,Goldilocks,Goldilocks,False,0.14000000000000012,Flat,0.606679069722587,Positive,2.68,0.54392748,-2.24949223936692,-0.10499999999999998,False,One Curve Stress,One Negative,Narrowing,Mixed Market Signals,2.41,-0.0134294349958481,-0.31000000000000005,-0.3296524534195501,Falling,Falling,1.88,0.5300000000000002
2019Q2,Goldilocks,Deflationary Slowdown,True,0.25,Positive,0.486523276390296,Positive,2.594,-0.02718162666666668,-2.37706443996346,-0.0860000000000003,False,No Curve Stress,Both Negative,Narrowing,Mixed Market Signals,2.0,-0.2588942841047439,-0.41000000000000014,-0.24546484910889582,Falling,Falling,1.69,0.31000000000000005
2019Q3,Goldilocks,Deflationary Slowdown,True,0.050000000000000044,Flat,0.28460113061071945,Positive,1.492,0.028691416666666525,-2.4560974513919396,-1.1019999999999999,True,One Curve Stress,One Negative,Narrowing,Mixed Market Signals,1.68,-0.5210200593301089,-0.32000000000000006,-0.26212577522536495,Falling,Falling,1.53,0.1499999999999999
2019Q4,Goldilocks,Deflationary Slowdown,True,0.31999999999999984,Positive,0.47677987077473305,Positive,1.6700000000000002,-0.03647920333333321,-2.3517963281219396,0.17800000000000016,False,No Curve Stress,Both Negative,Widening,Mixed Market Signals,1.9,-0.1416139923580766,0.21999999999999997,0.3794060669720323,Rising,Rising,1.77,0.1299999999999999
2020Q1,Deflationary Slowdown,Deflationary Slowdown,False,0.47,Positive,0.29170172108123626,Positive,2.091,-1.20814537,-2.4383636375822118,0.42100000000000004,False,No Curve Stress,Both Negative,Widening,Mixed Market Signals,0.7,-0.4142217275658404,-1.2,-0.2726077352077638,Falling,Falling,0.87,-0.17000000000000004
2020Q2,Deflationary Slowdown,Deflationary Slowdown,False,0.5,Positive,0.2430696843205538,Flat,1.889,-0.41735438999999996,-2.4239412307517134,-0.20200000000000018,True,One Curve Stress,Both Negative,Narrowing,Mixed Market Signals,0.66,-0.4511601140782186,-0.039999999999999925,-0.036938386512378185,Falling,Falling,1.34,-0.68
2020Q3,Goldilocks,Goldilocks,False,0.5599999999999999,Positive,0.19675874774680052,Flat,1.505,-1.2329058499999999,-2.468734853971845,-0.3840000000000001,False,One Curve Stress,Both Negative,Narrowing,Mixed Market Signals,0.69,-0.4953658691276756,0.029999999999999916,-0.04420575504945701,Rising,Falling,1.63,-0.94
2020Q4,Goldilocks,Deflationary Slowdown,True,0.81,Positive,0.1968472970339994,Flat,1.196,-1.1807664033333332,-2.42253452832617,-0.30899999999999994,True,One Curve Stress,Both Negative,Narrowing,Mixed Market Signals,0.93,-0.5700079921508663,0.2400000000000001,-0.07464212302319068,Rising,Falling,1.99,-1.06
2021Q1,Goldilocks,Goldilocks,False,1.58,Positive,0.4431882815454858,Positive,1.068,-1.2046126833333333,-2.3204162100927705,-0.1279999999999999,False,No Curve Stress,Both Negative,Narrowing,Mixed Market Signals,1.74,-0.2786500209590494,0.8099999999999999,0.2913579711918169,Rising,Rising,2.37,-0.6300000000000001
2021Q2,Overheating,Goldilocks,True,1.2,Positive,0.49434668414941974,Positive,1.163,-1.3711273433333335,-2.18416160055087,0.09499999999999997,False,No Curve Stress,Both Negative,Widening,Mixed Market Signals,1.45,-0.2031675387389504,-0.29000000000000004,0.07548248222009898,Falling,Rising,2.32,-0.8699999999999999
2021Q3,Overheating,Goldilocks,True,1.24,Positive,0.5503721805850513,Positive,1.1400000000000001,-1.5885353333333332,-2.124373025378645,-0.02299999999999991,False,No Curve Stress,Both Negative,Narrowing,Mixed Market Signals,1.52,-0.1701871538638641,0.07000000000000006,0.03298038487508631,Rising,Rising,2.37,-0.8500000000000001
2021Q4,Overheating,Overheating,False,0.79,Positive,0.49064155426352585,Positive,1.43,-1.1536762133333334,-2.0986999060740086,0.2899999999999998,False,No Curve Stress,Both Negative,Widening,Mixed Market Signals,1.52,-0.1884997053069739,0.0,-0.01831255144310981,Unchanged,Falling,2.56,-1.04
2022Q1,Stagflation,Overheating,True,0.040000000000000036,Flat,0.7038816449310945,Positive,1.572,0.14378221333333308,-1.4739870618358066,0.14200000000000013,True,One Curve Stress,One Negative,Widening,Mixed Market Signals,2.32,0.6178605132498334,0.7999999999999998,0.8063602185568073,Rising,Rising,2.84,-0.52
2022Q2,Stagflation,Overheating,True,0.06000000000000005,Flat,0.855470929308112,Positive,2.189,0.01044350666666638,-0.6409070338139522,0.617,True,One Curve Stress,One Negative,Widening,Mixed Market Signals,2.98,1.4984395024541597,0.6600000000000001,0.8805789892043263,Rising,Rising,2.33,0.6499999999999999
2022Q3,Overheating,Stagflation,True,-0.3899999999999997,Inverted,0.4685548511174753,Positive,2.3419999999999996,1.38082583,0.41227224882100644,0.15299999999999958,True,One Curve Stress,Both Positive,Widening,Mixed Market Signals,3.83,2.134773480380704,0.8500000000000001,0.6363339779265444,Rising,Rising,2.15,1.6800000000000002
2022Q4,Overheating,Stagflation,True,-0.5300000000000002,Inverted,-0.010022874868796716,Inverted,2.1719999999999997,1.7578692266666667,1.2040273188688233,-0.16999999999999993,True,Both Curves Stress,Both Positive,Narrowing,Mixed Market Signals,3.88,2.555313576346965,0.04999999999999982,0.4205400959662611,Rising,Rising,2.3,1.58
2023Q1,Overheating,Stagflation,True,-0.5799999999999996,Inverted,-0.2124964585032818,Inverted,1.8570000000000002,1.7073488499999994,1.2330498537653143,-0.3149999999999995,True,Both Curves Stress,Both Positive,Narrowing,Mixed Market Signals,3.48,2.4053734039225585,-0.3999999999999999,-0.14994017242440671,Falling,Falling,2.32,1.1600000000000001
2023Q2,Overheating,Stagflation,True,-1.06,Inverted,-0.6123099157,Inverted,1.697,2.73882096,1.6137174258485711,-0.16000000000000014,True,Both Curves Stress,Both Positive,Narrowing,Mixed Market Signals,3.81,2.5070983224,0.33000000000000007,0.10172491847744158,Rising,Rising,2.22,1.5899999999999999
2023Q3,Overheating,Stagflation,True,-0.4400000000000004,Inverted,-0.28094555739999993,Inverted,1.8529999999999998,2.619022726666667,1.474518743056098,0.1559999999999997,True,Both Curves Stress,Both Positive,Widening,Mixed Market Signals,4.59,2.8762763259,0.7799999999999998,0.3691780035000001,Rising,Rising,2.35,2.2399999999999998
2023Q4,Overheating,Deflationary Slowdown,True,-0.35000000000000053,Inverted,-0.35545980639999986,Inverted,1.7200000000000002,1.5874980433333339,0.6229155847361703,-0.13299999999999956,True,Both Curves Stress,Both Positive,Narrowing,Mixed Market Signals,3.88,2.0808856999,-0.71,-0.7953906260000001,Falling,Falling,2.16,1.7199999999999998
2024Q1,Stagflation,Deflationary Slowdown,True,-0.3899999999999997,Inverted,-0.43826072139999983,Inverted,1.347,2.3079908633333335,0.891958208239394,-0.3730000000000002,True,Both Curves Stress,Both Positive,Narrowing,Mixed Market Signals,4.2,2.359935488,0.3200000000000003,0.27904978810000003,Rising,Rising,2.32,1.8800000000000003
2024Q2,Overheating,Deflationary Slowdown,True,-0.34999999999999964,Inverted,-0.29746006680000026,Inverted,1.4580000000000002,2.0869431633333333,0.634183969144118,0.11100000000000021,True,Both Curves Stress,Both Positive,Widening,Mixed Market Signals,4.36,2.5019106798,0.16000000000000014,0.14197519179999984,Rising,Rising,2.28,2.0800000000000005
2024Q3,Goldilocks,Deflationary Slowdown,True,0.1499999999999999,Flat,0.20250228720000019,Flat,1.399,1.322719666666667,-0.33686899636756795,-0.05900000000000016,True,Both Curves Stress,One Negative,Narrowing,Mixed Market Signals,3.81,2.2367867384,-0.5500000000000003,-0.26512394139999973,Falling,Falling,2.18,1.63
2024Q4,Deflationary Slowdown,Deflationary Slowdown,False,0.3099999999999996,Positive,0.4361526739000001,Positive,1.1430000000000002,1.8806073233333334,-0.20231092050909094,-0.2559999999999998,False,No Curve Stress,One Negative,Narrowing,Mixed Market Signals,4.55,2.4473038368,0.7399999999999998,0.2105170984,Rising,Rising,2.34,2.21
2025Q1,Deflationary Slowdown,Deflationary Slowdown,False,0.3400000000000003,Positive,0.7870436089999999,Positive,1.146,1.4168213433333334,-0.23354407978235292,0.0029999999999996696,False,No Curve Stress,One Negative,Widening,Mixed Market Signals,4.23,2.7817290051,-0.3199999999999994,0.3344251682999997,Falling,Rising,2.38,1.8500000000000005
2025Q2,Goldilocks,Deflationary Slowdown,True,0.52,Positive,0.8342846407,Positive,0.9809999999999999,1.220569656666667,-0.3683150911484838,-0.16500000000000004,False,No Curve Stress,One Negative,Narrowing,Mixed Market Signals,4.24,2.6791846244,0.009999999999999787,-0.10254438069999994,Rising,Falling,2.29,1.9500000000000002
2025Q3,Goldilocks,Deflationary Slowdown,True,0.56,Positive,0.7878500726,Positive,0.8660000000000001,1.0707591433333334,-0.062278621804650935,-0.11499999999999977,False,No Curve Stress,One Negative,Narrowing,Mixed Market Signals,4.16,2.7786738794,-0.08000000000000007,0.09948925499999994,Falling,Rising,2.36,1.8000000000000003
2026Q1,Goldilocks,Deflationary Slowdown,True,0.5099999999999998,Positive,0.48401546100000026,Positive,0.823,1.3978941366666668,0.5370281218499997,0.08400000000000007,False,No Curve Stress,Both Positive,Widening,Mixed Market Signals,4.3,3.0729993471,0.1200000000000001,0.12495072279999997,Rising,Rising,2.3,2.0
2026Q2,Stagflation,Overheating,True,0.3000000000000007,Positive,0.44840940740000024,Positive,0.77,1.2811513033333326,0.560928442235135,-0.052999999999999936,False,No Curve Stress,Both Positive,Narrowing,Broad Market Confirmation,4.44,2.9244927445,0.14000000000000057,-0.14850660259999993,Rising,Falling,2.24,2.2
