month,us_policy_rate,us_cpi_yoy,us_real_policy_rate,us_2y_yield,us_real_2y_rate,us_2y_policy_gap,eurozone_policy_rate,hicp_yoy,eurozone_real_policy_rate,eurozone_2y_yield,eurozone_real_2y_rate,eurozone_2y_policy_gap,us_10y_yield,us_10y_2y_spread,us_curve_regime,eurozone_10y_yield,eurozone_10y_2y_spread,eurozone_curve_regime,germany_10y_yield,italy_10y_yield,italy_germany_10y_spread,spread_change
2008-12,0.125,-0.02222800255385904,0.14722800255385904,0.76,0.782228002553859,0.635,2.0,1.6,0.3999999999999999,2.137652319032287,0.5376523190322868,0.13765231903228692,2.25,1.49,Positive,3.688186159441063,1.550533840408776,Positive,3.05,4.469,1.4190000000000005,0.2360000000000002
2009-01,0.125,-0.11358601902212717,0.23858601902212717,0.94,1.0535860190221271,0.815,1.0,1.1,-0.10000000000000009,1.7872565045746085,0.6872565045746084,0.7872565045746085,2.87,1.9300000000000002,Positive,4.022974607517412,2.2357181029428035,Positive,3.07,4.621,1.5510000000000006,0.13200000000000012
2009-02,0.125,0.008463140671510772,0.11653685932848923,1.0,0.9915368593284892,0.875,1.0,1.2,-0.19999999999999996,1.5568905412475926,0.3568905412475927,0.5568905412475926,3.02,2.02,Positive,3.852830541463261,2.2959400002156682,Positive,3.13,4.536,1.4059999999999997,-0.1450000000000009
2009-03,0.125,-0.4464787676623838,0.5714787676623838,0.81,1.2564787676623839,0.685,0.5,0.6,-0.09999999999999998,1.461562374259633,0.8615623742596331,0.9615623742596331,2.71,1.9,Positive,3.773288938237143,2.31172656397751,Positive,3.02,4.458,1.4380000000000002,0.03200000000000047
2009-04,0.125,-0.5763244243767063,0.7013244243767063,0.91,1.4863244243767064,0.785,0.25,0.6,-0.35,1.526532644007114,0.9265326440071141,1.276532644007114,3.16,2.25,Positive,3.786677372891889,2.260144728884775,Positive,3.13,4.356,1.226,-0.2120000000000002
2009-05,0.125,-1.015761495855172,1.140761495855172,0.92,1.9357614958551719,0.795,0.25,0.0,0.25,1.528623404723418,1.528623404723418,1.278623404723418,3.47,2.5500000000000003,Positive,4.17940664059023,2.650783235866812,Positive,3.37,4.415,1.045,-0.18100000000000005
2009-06,0.125,-1.2291746182109153,1.3541746182109153,1.11,2.339174618210915,0.9850000000000001,0.25,-0.1,0.35,1.501303952617291,1.6013039526172912,1.251303952617291,3.53,2.42,Positive,3.9874637427657458,2.486159790148455,Positive,3.47,4.606,1.1359999999999997,0.09099999999999975
2009-07,0.125,-1.9587610037622771,2.083761003762277,1.13,3.088761003762277,1.005,0.25,-0.7,0.95,1.433445621490206,2.133445621490206,1.183445621490206,3.52,2.39,Positive,3.741084167087466,2.3076385455972597,Positive,3.34,4.373,1.0330000000000004,-0.10299999999999931
2009-08,0.125,-1.4838355663267633,1.6088355663267633,0.97,2.453835566326763,0.845,0.25,-0.2,0.45,1.4593973277661634,1.6593973277661633,1.2093973277661634,3.4,2.4299999999999997,Positive,3.679817121693228,2.2204197939270642,Positive,3.31,4.116,0.8059999999999996,-0.22700000000000076
2009-09,0.125,-1.377942862886472,1.502942862886472,0.95,2.327942862886472,0.825,0.25,-0.3,0.55,1.3271789362654804,1.6271789362654805,1.0771789362654804,3.31,2.3600000000000003,Positive,3.6351065649453216,2.307927628679841,Positive,3.26,4.088,0.8280000000000003,0.022000000000000686
2009-10,0.125,-0.22396829420033848,0.3489682942003385,0.9,1.1239682942003384,0.775,0.25,-0.1,0.35,1.4290947232588862,1.5290947232588863,1.1790947232588862,3.41,2.5100000000000002,Positive,3.678017975479511,2.248923252220625,Positive,3.21,4.101,0.891,0.06299999999999972
2009-11,0.125,1.9145871744709275,-1.7895871744709275,0.67,-1.2445871744709276,0.545,0.25,0.5,-0.25,1.3374993162706257,0.8374993162706257,1.0874993162706257,3.21,2.54,Positive,3.569884678878448,2.2323853626078227,Positive,3.22,4.057,0.8370000000000002,-0.053999999999999826
2009-12,0.125,2.8141231232083674,-2.6891231232083674,1.14,-1.6741231232083675,1.015,0.25,0.9,-0.65,1.3788289608893545,0.47882896088935445,1.1288289608893545,3.85,2.71,Positive,3.7595293848336273,2.3807004239442726,Positive,3.14,4.007,0.8669999999999995,0.02999999999999936
2010-01,0.125,2.6211113889767157,-2.4961113889767157,0.82,-1.8011113889767159,0.695,0.25,1.0,-0.75,1.247835725828413,0.24783572582841296,0.997835725828413,3.63,2.81,Positive,3.663042992534393,2.4152072667059796,Positive,3.26,4.078,0.8180000000000005,-0.048999999999999044
2010-02,0.125,2.151336357866529,-2.026336357866529,0.81,-1.341336357866529,0.685,0.25,0.8,-0.55,1.0247537961082038,0.22475379610820378,0.7747537961082038,3.61,2.8,Positive,3.487951488602823,2.463197692494619,Positive,3.17,4.047,0.8769999999999998,0.058999999999999275
2010-03,0.125,2.2861714393279886,-2.1611714393279886,1.02,-1.2661714393279886,0.895,0.25,1.6,-1.35,1.052205346378655,-0.5477946536213452,0.8022053463786549,3.84,2.82,Positive,3.462696597710875,2.41049125133222,Positive,3.1,3.945,0.8449999999999998,-0.03200000000000003
2010-04,0.125,2.2067707525304403,-2.0817707525304403,0.97,-1.2367707525304403,0.845,0.25,1.6,-1.35,1.0114874126529525,-0.5885125873470476,0.7614874126529525,3.69,2.7199999999999998,Positive,3.3965316590279984,2.385044246375046,Positive,3.06,3.996,0.9359999999999999,0.09100000000000019
2010-05,0.125,2.003548929218568,-1.8785489292185682,0.76,-1.2435489292185682,0.635,0.25,1.7,-1.45,0.5660740246458493,-1.1339259753541506,0.3160740246458493,3.31,2.55,Positive,3.0263884455078944,2.4488908257066893,Positive,2.73,3.985,1.255,0.31899999999999995
2010-06,0.125,1.1215605940686268,-0.9965605940686268,0.61,-0.5115605940686269,0.485,0.25,1.5,-1.25,0.6931339475492422,-0.8068660524507578,0.4431339475492422,2.97,2.3600000000000003,Positive,3.0252571441338065,2.3321231965845644,Positive,2.54,4.102,1.5620000000000003,0.3070000000000004
2010-07,0.125,1.3407784804821077,-1.2157784804821077,0.55,-0.7907784804821076,0.42500000000000004,0.25,1.7,-1.45,0.8718460158303822,-0.8281539841696177,0.6218460158303822,2.94,2.3899999999999997,Positive,3.0084905652229503,2.1366445493925683,Positive,2.62,4.026,1.4059999999999997,-0.15600000000000058
2010-08,0.125,1.1501775395112546,-1.0251775395112546,0.47,-0.6801775395112546,0.345,0.25,1.6,-1.35,0.6238669481373098,-0.9761330518626903,0.3738669481373098,2.47,2.0,Positive,2.477798602833772,1.8539316546964624,Positive,2.35,3.802,1.452,0.04600000000000026
2010-09,0.125,1.1183122472331775,-0.9933122472331775,0.42,-0.6983122472331775,0.295,0.25,1.9,-1.65,0.8993213420614998,-1.0006786579385,0.6493213420614998,2.53,2.11,Positive,2.672248877981948,1.7729275359204484,Positive,2.3,3.862,1.5620000000000003,0.11000000000000032
2010-10,0.125,1.1666951489314625,-1.0416951489314625,0.34,-0.8266951489314625,0.21500000000000002,0.25,1.9,-1.65,1.0622926331387073,-0.8377073668612927,0.8122926331387073,2.63,2.29,Positive,2.857753989039494,1.7954613559007868,Positive,2.35,3.8,1.4499999999999997,-0.11200000000000054
2010-11,0.125,1.084544776600338,-0.959544776600338,0.45,-0.634544776600338,0.325,0.25,1.9,-1.65,0.9853636444557368,-0.9146363555442631,0.7353636444557368,2.81,2.36,Positive,3.1078742653447176,2.122510620888981,Positive,2.53,4.184,1.6540000000000004,0.20400000000000063
2010-12,0.125,1.437793022217937,-1.312793022217937,0.61,-0.8277930222179369,0.485,0.25,2.2,-1.9500000000000002,0.9286900958709948,-1.2713099041290055,0.6786900958709948,3.3,2.69,Positive,3.3617030593052064,2.4330129634342117,Positive,2.91,4.603,1.6929999999999996,0.03899999999999926
2011-01,0.125,1.7007834915029774,-1.5757834915029774,0.58,-1.1207834915029773,0.45499999999999996,0.25,2.3,-2.05,1.4815746164577306,-0.8184253835422692,1.2315746164577306,3.42,2.84,Positive,3.4930134843137086,2.0114388678559783,Positive,3.02,4.729,1.709,0.01600000000000046
2011-02,0.125,2.124898173333145,-1.9998981733331451,0.69,-1.4348981733331452,0.565,0.25,2.4,-2.15,1.5279470555864516,-0.8720529444135483,1.2779470555864516,3.42,2.73,Positive,3.4899100215096217,1.96196296592317,Positive,3.2,4.736,1.5359999999999996,-0.1730000000000005
2011-03,0.125,2.619241510354109,-2.494241510354109,0.8,-1.8192415103541089,0.675,0.25,2.7,-2.45,1.7909984054775985,-0.9090015945224017,1.5409984054775985,3.47,2.67,Positive,3.657760973674792,1.8667625681971936,Positive,3.21,4.875,1.665,0.12900000000000045
2011-04,0.125,3.0772344447868694,-2.9522344447868694,0.61,-2.4672344447868695,0.485,0.5,2.8,-2.3,1.858867387985832,-0.9411326120141679,1.358867387985832,3.32,2.71,Positive,3.554150347968199,1.695282959982367,Positive,3.34,4.841,1.5010000000000003,-0.1639999999999997
2011-05,0.125,3.4589718808964998,-3.3339718808964998,0.45,-3.0089718808964996,0.325,0.5,2.7,-2.2,1.6715277336245942,-1.028472266375406,1.1715277336245942,3.05,2.5999999999999996,Positive,3.3653766392164908,1.6938489055918966,Positive,3.06,4.756,1.6960000000000002,0.19499999999999984
2011-06,0.125,3.5023181506360412,-3.3773181506360412,0.45,-3.052318150636041,0.325,0.5,2.7,-2.2,1.6536397986912832,-1.046360201308717,1.1536397986912832,3.18,2.73,Positive,3.407358435187134,1.753718636495851,Positive,2.89,4.816,1.9259999999999997,0.22999999999999954
2011-07,0.125,3.5798809769996165,-3.4548809769996165,0.36,-3.2198809769996166,0.235,0.75,2.5,-1.75,1.3197972515383596,-1.1802027484616404,0.5697972515383596,2.82,2.46,Positive,3.0573861969368465,1.737588945398487,Positive,2.74,5.463,2.723,0.7970000000000002
2011-08,0.125,3.75499603070808,-3.62999603070808,0.2,-3.5549960307080797,0.07500000000000001,0.75,2.5,-1.75,0.8594407727240168,-1.6405592272759832,0.10944077272401675,2.23,2.03,Positive,2.7634438559681804,1.9040030832441637,Positive,2.21,5.271,3.061,0.3380000000000001
2011-09,0.125,3.812621692818685,-3.687621692818685,0.25,-3.562621692818685,0.125,0.75,3.0,-2.25,0.7458998687388385,-2.2541001312611613,-0.004100131261161488,1.92,1.67,Positive,2.483376235288464,1.7374763665496256,Positive,1.83,5.746,3.9160000000000004,0.8550000000000004
2011-10,0.125,3.5222681306640524,-3.3972681306640524,0.25,-3.2722681306640524,0.125,0.75,3.0,-2.25,0.8090178255587928,-2.1909821744412072,0.05901782555879276,2.17,1.92,Positive,2.788549161763497,1.9795313362047042,Positive,2.0,5.972,3.9720000000000004,0.05600000000000005
2011-11,0.125,3.451432214581729,-3.326432214581729,0.25,-3.201432214581729,0.125,0.5,3.0,-2.5,0.7427330006655184,-2.2572669993344814,0.2427330006655184,2.08,1.83,Positive,3.0719470274410456,2.329214026775527,Positive,1.87,7.057,5.187,1.2149999999999999
2011-12,0.125,3.062066838419386,-2.937066838419386,0.25,-2.812066838419386,0.125,0.25,2.8,-2.55,0.4062171579213949,-2.393782842078605,0.1562171579213949,1.89,1.64,Positive,2.645128365970277,2.238911208048882,Positive,1.93,6.812,4.882000000000001,-0.3049999999999997
2012-01,0.125,3.0087663379855023,-2.8837663379855023,0.22,-2.788766337985502,0.095,0.25,2.7,-2.45,0.4498906654590446,-2.2501093345409555,0.1998906654590446,1.83,1.61,Positive,2.665751627507825,2.2158609620487804,Positive,1.82,6.537,4.717,-0.16500000000000092
2012-02,0.125,2.8981784423473878,-2.7731784423473878,0.3,-2.598178442347388,0.175,0.25,2.7,-2.45,0.3727058498823243,-2.327294150117676,0.1227058498823243,1.98,1.68,Positive,2.590987566225758,2.2182817163434336,Positive,1.85,5.546,3.696,-1.0209999999999995
2012-03,0.125,2.5828752813320977,-2.4578752813320977,0.33,-2.2528752813320976,0.20500000000000002,0.25,2.7,-2.45,0.3925908927875978,-2.3074091072124023,0.1425908927875978,2.23,1.9,Positive,2.599159047720721,2.206568154933123,Positive,1.83,5.049,3.2190000000000003,-0.47699999999999987
2012-04,0.125,2.2731633741348567,-2.1481633741348567,0.27,-2.0031633741348567,0.14500000000000002,0.25,2.6,-2.35,0.3185770747288687,-2.2814229252711313,0.0685770747288687,1.95,1.68,Positive,2.4710951007504747,2.152518026021606,Positive,1.62,5.676,4.056,0.8369999999999997
2012-05,0.125,1.7379429374660749,-1.6129429374660749,0.27,-1.4679429374660748,0.14500000000000002,0.25,2.4,-2.15,0.1688157885086862,-2.2311842114913136,-0.0811842114913138,1.59,1.32,Positive,1.887070048749857,1.7182542602411708,Positive,1.34,5.783,4.4430000000000005,0.38700000000000045
2012-06,0.125,1.653870448297634,-1.528870448297634,0.33,-1.323870448297634,0.20500000000000002,0.25,2.4,-2.15,0.2686377686610068,-2.131362231338993,0.018637768661006804,1.67,1.3399999999999999,Positive,2.3157381116667404,2.0471003430057335,Positive,1.3,5.904,4.604,0.1609999999999996
2012-07,0.125,1.4175114798464783,-1.2925114798464783,0.23,-1.1875114798464783,0.10500000000000001,0.0,2.4,-2.4,-0.022894358090622,-2.422894358090622,-0.022894358090622,1.51,1.28,Positive,1.8714631615426764,1.8943575196332985,Positive,1.24,5.996,4.756,0.15200000000000014
2012-08,0.125,1.6859349154821235,-1.5609349154821235,0.22,-1.4659349154821235,0.095,0.0,2.6,-2.6,0.0148515904850805,-2.5851484095149195,0.0148515904850805,1.57,1.35,Positive,1.9144413984542303,1.8995898079691498,Positive,1.34,5.822,4.482,-0.274
2012-09,0.125,1.9497168982819613,-1.8247168982819613,0.23,-1.7197168982819613,0.10500000000000001,0.0,2.6,-2.6,0.0713007962426099,-2.52869920375739,0.0713007962426099,1.65,1.42,Positive,1.9401481093651816,1.8688473131225716,Positive,1.49,5.254,3.7639999999999993,-0.7180000000000009
2012-10,0.125,2.1556780595369363,-2.0306780595369363,0.3,-1.8556780595369362,0.175,0.0,2.5,-2.5,0.085641221772831,-2.414358778227169,0.085641221772831,1.72,1.42,Positive,1.9495004378536127,1.8638592160807816,Positive,1.47,4.953,3.4830000000000005,-0.2809999999999988
2012-11,0.125,1.7960197033926262,-1.6710197033926262,0.25,-1.5460197033926262,0.125,0.0,2.2,-2.2,0.0364797140971484,-2.1635202859028517,0.0364797140971484,1.62,1.37,Positive,1.7951046854980277,1.7586249714008793,Positive,1.34,4.851,3.511,0.02799999999999958
2012-12,0.125,1.7595049796895523,-1.6345049796895523,0.25,-1.5095049796895523,0.125,0.0,2.2,-2.2,-0.0130237684373786,-2.213023768437379,-0.0130237684373786,1.78,1.53,Positive,1.722533077541371,1.7355568459787496,Positive,1.3,4.542,3.242,-0.26900000000000013
2013-01,0.125,1.684061762098299,-1.559061762098299,0.27,-1.414061762098299,0.14500000000000002,0.0,2.0,-2.0,0.3152915375658032,-1.6847084624341968,0.3152915375658032,2.02,1.75,Positive,2.020654870829002,1.705363333263199,Positive,1.51,4.208,2.6980000000000004,-0.5439999999999996
2013-02,0.125,2.0181404902574807,-1.8931404902574807,0.25,-1.7681404902574807,0.125,0.0,1.9,-1.9,0.1023372457842355,-1.7976627542157644,0.1023372457842355,1.89,1.64,Positive,1.880491865980316,1.7781546201960805,Positive,1.54,4.493,2.9530000000000003,0.2549999999999999
2013-03,0.125,1.5187472411246183,-1.3937472411246183,0.25,-1.2687472411246183,0.125,0.0,1.7,-1.7,0.0665872863952619,-1.633412713604738,0.0665872863952619,1.87,1.62,Positive,1.759226275777391,1.6926389893821292,Positive,1.35,4.64,3.2899999999999996,0.3369999999999993
2013-04,0.125,1.138808047576867,-1.013808047576867,0.22,-0.918808047576867,0.095,0.0,1.2,-1.2,0.0428256217003126,-1.1571743782996873,0.0428256217003126,1.7,1.48,Positive,1.550317933457273,1.5074923117569603,Positive,1.2,4.278,3.0779999999999994,-0.2120000000000002
2013-05,0.125,1.3903888279197085,-1.2653888279197085,0.3,-1.0903888279197085,0.175,0.0,1.4,-1.4,0.1278335009536828,-1.272166499046317,0.1278335009536828,2.16,1.86,Positive,1.8427562019166928,1.71492270096301,Positive,1.29,3.964,2.674,-0.40399999999999947
2013-06,0.125,1.7157935271568725,-1.5907935271568725,0.36,-1.3557935271568726,0.235,0.0,1.6,-1.6,0.2995856986837757,-1.3004143013162244,0.2995856986837757,2.52,2.16,Positive,2.1372549798737515,1.8376692811899757,Positive,1.53,4.379,2.8489999999999993,0.17499999999999938
2013-07,0.125,1.885471805415806,-1.760471805415806,0.31,-1.575471805415806,0.185,0.0,1.6,-1.6,0.1845091969484911,-1.415490803051509,0.1845091969484911,2.6,2.29,Positive,1.9549500564761644,1.7704408595276733,Positive,1.56,4.418,2.858,0.009000000000000785
2013-08,0.125,1.538809488600279,-1.413809488600279,0.39,-1.1488094886002789,0.265,0.0,1.3,-1.3,0.2727822960707846,-1.0272177039292154,0.2727822960707846,2.78,2.3899999999999997,Positive,2.1735758852227374,1.9007935891519527,Positive,1.73,4.419,2.6889999999999996,-0.16900000000000048
2013-09,0.125,1.0947341081747997,-0.9697341081747997,0.33,-0.7647341081747996,0.20500000000000002,0.0,1.1,-1.1,0.219325764165057,-0.8806742358349431,0.219325764165057,2.64,2.31,Positive,2.05493861415187,1.8356128499868132,Positive,1.89,4.541,2.6510000000000007,-0.037999999999998924
2013-10,0.125,0.8767991434911471,-0.7517991434911471,0.31,-0.566799143491147,0.185,0.0,0.7,-0.7,0.148712521112095,-0.551287478887905,0.148712521112095,2.57,2.26,Positive,1.95182874131826,1.803116220206165,Positive,1.76,4.248,2.4880000000000004,-0.16300000000000026
2013-11,0.125,1.2328701961954458,-1.1078701961954458,0.28,-0.9528701961954458,0.15500000000000003,0.0,0.9,-0.9,0.1425077566575052,-0.7574922433424949,0.1425077566575052,2.75,2.4699999999999998,Positive,1.9865840246800035,1.8440762680224982,Positive,1.68,4.095,2.415,-0.0730000000000004
2013-12,0.125,1.5128383667573297,-1.3878383667573297,0.38,-1.1328383667573299,0.255,0.0,0.8,-0.8,0.2482694912188021,-0.5517305087811979,0.2482694912188021,3.04,2.66,Positive,2.24087957425051,1.9926100830317077,Positive,1.8,4.114,2.314,-0.10099999999999998
2014-01,0.125,1.557758795574915,-1.432758795574915,0.34,-1.217758795574915,0.21500000000000002,0.0,0.8,-0.8,0.1075917425352668,-0.6924082574647332,0.1075917425352668,2.67,2.33,Positive,1.8946035594776944,1.7870118169424276,Positive,1.76,3.866,2.106,-0.20800000000000018
2014-02,0.125,1.1204746347724948,-0.9954746347724948,0.33,-0.7904746347724947,0.20500000000000002,0.0,0.7,-0.7,0.1554750532464797,-0.5445249467535203,0.1554750532464797,2.66,2.33,Positive,1.880141761770952,1.7246667085244722,Positive,1.56,3.651,2.0909999999999997,-0.015000000000000124
2014-03,0.125,1.6126949139408042,-1.4876949139408042,0.44,-1.1726949139408043,0.315,0.0,0.5,-0.5,0.1717926110965528,-0.3282073889034472,0.1717926110965528,2.73,2.29,Positive,1.82211901094795,1.650326399851397,Positive,1.51,3.399,1.889,-0.20199999999999974
2014-04,0.125,2.015125303606169,-1.890125303606169,0.42,-1.595125303606169,0.295,0.0,0.7,-0.7,0.1575993413145648,-0.5424006586854352,0.1575993413145648,2.67,2.25,Positive,1.7207650749501475,1.5631657336355826,Positive,1.46,3.228,1.7680000000000002,-0.12099999999999977
2014-05,0.125,2.166947687079812,-2.041947687079812,0.37,-1.796947687079812,0.245,0.0,0.5,-0.5,0.0638350763972521,-0.4361649236027479,0.0638350763972521,2.48,2.11,Positive,1.5579182957339173,1.494083219336665,Positive,1.33,3.123,1.7930000000000001,0.02499999999999991
2014-06,0.125,2.0589816945944195,-1.9339816945944195,0.47,-1.5889816945944195,0.345,-0.1,0.5,-0.6,0.016415252528116,-0.483584747471884,0.116415252528116,2.53,2.0599999999999996,Positive,1.4384625015574244,1.4220472490293083,Positive,1.26,2.92,1.66,-0.13300000000000023
2014-07,0.125,1.9742378703305974,-1.8492378703305974,0.53,-1.4442378703305974,0.405,-0.1,0.4,-0.5,0.0056386898885172,-0.39436131011148284,0.10563868988851721,2.58,2.05,Positive,1.3383150598159546,1.3326763699274373,Positive,1.11,2.794,1.684,0.02400000000000002
2014-08,0.125,1.7150983482969062,-1.5900983482969062,0.48,-1.2350983482969062,0.355,-0.1,0.4,-0.5,-0.0473967107675532,-0.4473967107675532,0.0526032892324468,2.35,1.87,Positive,1.031518088310999,1.0789147990785521,Positive,0.95,2.633,1.683,-0.0009999999999998899
2014-09,0.125,1.6840509711232077,-1.5590509711232077,0.58,-1.1040509711232076,0.45499999999999996,-0.2,0.3,-0.5,-0.0965022800761432,-0.3965022800761432,0.10349771992385681,2.52,1.94,Positive,1.0588503966798832,1.1553526767560265,Positive,0.92,2.4,1.48,-0.20300000000000007
2014-10,0.125,1.6095417021513292,-1.4845417021513292,0.5,-1.1095417021513292,0.375,-0.2,0.4,-0.6000000000000001,-0.0826690687449698,-0.48266906874496984,0.1173309312550302,2.35,1.85,Positive,0.9638364085329972,1.046505477277967,Positive,0.79,2.424,1.634,0.15399999999999991
2014-11,0.125,1.231524989320798,-1.106524989320798,0.47,-0.761524989320798,0.345,-0.2,0.3,-0.5,-0.0667006797005105,-0.36670067970051046,0.13329932029948952,2.18,1.7100000000000002,Positive,0.8015239549035273,0.8682246346040379,Positive,0.72,2.29,1.57,-0.06399999999999983
2014-12,0.125,0.6531213919623191,-0.5281213919623191,0.67,0.01687860803768093,0.545,-0.2,-0.2,0.0,-0.1162599667172621,0.08374003328273791,0.08374003328273791,2.17,1.5,Positive,0.6486316636468334,0.7648916303640956,Positive,0.59,1.99,1.4,-0.17000000000000015
2015-01,0.125,-0.22993097820542818,0.3549309782054282,0.47,0.6999309782054282,0.345,-0.2,-0.6,0.39999999999999997,-0.1420980107298464,0.4579019892701536,0.05790198927015361,1.68,1.21,Positive,0.3936199168815342,0.5357179276113806,Positive,0.39,1.702,1.3119999999999998,-0.08800000000000008
2015-02,0.125,-0.08703146293520536,0.21203146293520536,0.63,0.7170314629352054,0.505,-0.2,-0.3,0.09999999999999998,-0.2010120048677314,0.09898799513226858,-0.0010120048677313975,2.0,1.37,Positive,0.3691326637656524,0.5701446686333838,Positive,0.3,1.557,1.257,-0.05499999999999994
2015-03,0.125,-0.022031284423873476,0.14703128442387348,0.56,0.5820312844238735,0.43500000000000005,-0.2,-0.1,-0.1,-0.2243697700188303,-0.12436977001883029,-0.024369770018830283,1.94,1.38,Positive,0.2639295264340712,0.4882992964529015,Positive,0.23,1.294,1.064,-0.19299999999999984
2015-04,0.125,-0.10403098939391064,0.22903098939391064,0.58,0.6840309893939106,0.45499999999999996,-0.2,0.2,-0.4,-0.2066047888869402,-0.4066047888869402,-0.006604788886940188,2.05,1.4699999999999998,Positive,0.4168462509487285,0.6234510398356687,Positive,0.12,1.357,1.237,0.17300000000000004
2015-05,0.125,0.03503321824429584,0.08996678175570416,0.61,0.5749667817557041,0.485,-0.2,0.6,-0.8,-0.2268033169818473,-0.8268033169818473,-0.02680331698184729,2.12,1.5100000000000002,Positive,0.6090087894856606,0.8358121064675079,Positive,0.56,1.812,1.252,0.014999999999999902
2015-06,0.125,0.1795718097550525,-0.05457180975505249,0.64,0.4604281902449475,0.515,-0.2,0.5,-0.7,-0.2282906410996241,-0.7282906410996242,-0.028290641099624092,2.35,1.71,Positive,0.9528411053191466,1.1811317464187707,Positive,0.79,2.199,1.4089999999999998,0.1569999999999998
2015-07,0.125,0.22568611104094582,-0.10068611104094582,0.67,0.4443138889590542,0.545,-0.2,0.6,-0.8,-0.2559746368224578,-0.8559746368224578,-0.05597463682245779,2.2,1.5300000000000002,Positive,0.7286394532157718,0.9846140900382296,Positive,0.71,2.042,1.3319999999999999,-0.07699999999999996
2015-08,0.125,0.2413037985344868,-0.1163037985344868,0.74,0.4986962014655132,0.615,-0.2,0.4,-0.6000000000000001,-0.218853389635659,-0.6188533896356591,-0.018853389635658996,2.21,1.47,Positive,0.8200572366778678,1.0389106263135268,Positive,0.61,1.839,1.229,-0.10299999999999976
2015-09,0.125,0.008842961634170088,0.11615703836582991,0.64,0.6311570383658299,0.515,-0.2,0.2,-0.4,-0.2369035150266789,-0.4369035150266789,-0.03690351502667888,2.06,1.42,Positive,0.7033485221551179,0.9402520371817968,Positive,0.65,1.92,1.27,0.040999999999999925
2015-10,0.125,0.12761656067050708,-0.0026165606705070843,0.75,0.6223834393294929,0.625,-0.2,0.4,-0.6000000000000001,-0.3134306329592951,-0.7134306329592951,-0.11343063295929506,2.16,1.4100000000000001,Positive,0.6299876107215212,0.9434182436808163,Positive,0.52,1.696,1.176,-0.09400000000000008
2015-11,0.125,0.4363182169185187,-0.3113182169185187,0.94,0.5036817830814813,0.815,-0.2,0.1,-0.30000000000000004,-0.4029375934540686,-0.5029375934540686,-0.2029375934540686,2.21,1.27,Positive,0.5803911345864661,0.9833287280405347,Positive,0.52,1.57,1.05,-0.1259999999999999
2015-12,0.375,0.6387247515364791,-0.2637247515364791,1.06,0.42127524846352093,0.685,-0.3,0.2,-0.5,-0.3462793725268485,-0.5462793725268484,-0.046279372526848495,2.31,1.23,Positive,0.768969803797086,1.1152491763239345,Positive,0.55,1.579,1.029,-0.02100000000000013
2016-01,0.375,1.2375025026943876,-0.8625025026943876,0.76,-0.47750250269438754,0.385,-0.3,0.3,-0.6,-0.4661021702851506,-0.7661021702851506,-0.16610217028515062,1.94,1.18,Positive,0.4393896373825665,0.9054918076677171,Positive,0.43,1.534,1.104,0.07500000000000018
2016-02,0.375,0.8472775790126619,-0.4722775790126619,0.78,-0.06727757901266185,0.405,-0.3,-0.1,-0.19999999999999998,-0.5356489751050475,-0.4356489751050475,-0.2356489751050475,1.74,0.96,Positive,0.218827627045008,0.7544766021500555,Positive,0.17,1.558,1.3880000000000001,0.28400000000000003
2016-03,0.375,0.8916160965521946,-0.5166160965521946,0.73,-0.16161609655219467,0.355,-0.4,0.0,-0.4,-0.4904551380587385,-0.4904551380587385,-0.0904551380587385,1.78,1.05,Positive,0.2625919426852219,0.7530470807439604,Positive,0.17,1.375,1.205,-0.18300000000000005
2016-04,0.375,1.1726257503534843,-0.7976257503534843,0.77,-0.40262575035348425,0.395,-0.4,-0.3,-0.10000000000000003,-0.5024367071229285,-0.20243670712292855,-0.10243670712292852,1.83,1.06,Positive,0.3431946601834337,0.8456313673063622,Positive,0.13,1.442,1.3119999999999998,0.10699999999999976
2016-05,0.375,1.0784764621246223,-0.7034764621246223,0.87,-0.20847646212462234,0.495,-0.4,-0.1,-0.30000000000000004,-0.5254433705933028,-0.42544337059330284,-0.1254433705933028,1.84,0.9700000000000001,Positive,0.2224078988269107,0.7478512694202135,Positive,0.13,1.526,1.396,0.08400000000000007
2016-06,0.375,1.0792865347959424,-0.7042865347959424,0.58,-0.4992865347959424,0.20499999999999996,-0.4,0.1,-0.5,-0.6609447949233811,-0.7609447949233811,-0.2609447949233811,1.49,0.91,Positive,-0.1044256146642337,0.5565191802591474,Positive,-0.02,1.453,1.473,0.07700000000000018
2016-07,0.375,0.8683633430518256,-0.4933633430518256,0.67,-0.19836334305182557,0.29500000000000004,-0.4,0.2,-0.6000000000000001,-0.6532821141232463,-0.8532821141232463,-0.2532821141232463,1.46,0.7899999999999999,Positive,-0.1517966897263534,0.5014854243968929,Positive,-0.15,1.227,1.377,-0.09600000000000009
2016-08,0.375,1.0553158595656864,-0.6803158595656864,0.8,-0.25531585956568636,0.42500000000000004,-0.4,0.2,-0.6000000000000001,-0.6527914235767716,-0.8527914235767715,-0.25279142357677153,1.58,0.78,Positive,-0.1176940424906636,0.5350973810861079,Positive,-0.13,1.176,1.306,-0.07099999999999995
2016-09,0.375,1.5486446201652182,-1.1736446201652182,0.77,-0.7786446201652182,0.395,-0.4,0.4,-0.8,-0.7197846188872381,-1.119784618887238,-0.3197846188872381,1.6,0.8300000000000001,Positive,-0.1620515369928412,0.5577330818943969,Positive,-0.09,1.266,1.356,0.050000000000000044
2016-10,0.375,1.685924966243646,-1.310924966243646,0.86,-0.825924966243646,0.485,-0.4,0.5,-0.9,-0.6629803169261805,-1.1629803169261805,-0.2629803169261805,1.84,0.9800000000000001,Positive,0.142941868196583,0.8059221851227636,Positive,0.0,1.45,1.45,0.09399999999999986
2016-11,0.375,1.6843334719788938,-1.3093334719788938,1.11,-0.5743334719788937,0.7350000000000001,-0.4,0.6,-1.0,-0.7791404456553979,-1.379140445655398,-0.37914044565539784,2.37,1.26,Positive,0.2743464000414652,1.0534868456968631,Positive,0.19,1.943,1.7530000000000001,0.30300000000000016
2016-12,0.625,2.0507989115119862,-1.4257989115119862,1.2,-0.8507989115119863,0.575,-0.4,1.1,-1.5,-0.8000982626405939,-1.900098262640594,-0.4000982626405939,2.45,1.2500000000000002,Positive,0.2581256056567871,1.058223868297381,Positive,0.25,1.886,1.636,-0.11700000000000021
2017-01,0.625,2.5103933482571117,-1.8853933482571117,1.19,-1.3203933482571117,0.565,-0.4,1.7,-2.1,-0.6920974197856666,-2.3920974197856664,-0.2920974197856666,2.45,1.2600000000000002,Positive,0.4969792614902402,1.1890766812759068,Positive,0.25,1.991,1.741,0.1050000000000002
2017-02,0.625,2.8103616813294208,-2.1853616813294208,1.22,-1.5903616813294208,0.595,-0.4,2.0,-2.4,-0.8952173566631316,-2.8952173566631316,-0.4952173566631316,2.36,1.14,Positive,0.2521480376521627,1.1473653943152944,Positive,0.26,2.352,2.0919999999999996,0.35099999999999953
2017-03,0.875,2.44119623655914,-1.56619623655914,1.27,-1.17119623655914,0.395,-0.4,1.5,-1.9,-0.7283535794793483,-2.2283535794793483,-0.3283535794793483,2.4,1.13,Positive,0.3814023713402656,1.109755950819614,Positive,0.35,2.401,2.0509999999999997,-0.040999999999999925
2017-04,0.875,2.176223471915395,-1.301223471915395,1.28,-0.896223471915395,0.405,-0.4,1.9,-2.3,-0.7320803590402449,-2.632080359040245,-0.3320803590402449,2.29,1.01,Positive,0.3819920626792856,1.1140724217195306,Positive,0.22,2.257,2.037,-0.01399999999999979
2017-05,0.875,1.8563431667619756,-0.9813431667619756,1.28,-0.5763431667619756,0.405,-0.4,1.4,-1.7999999999999998,-0.7359024097670401,-2.13590240976704,-0.3359024097670401,2.21,0.9299999999999999,Positive,0.3616871225584432,1.0975895323254834,Positive,0.34,2.194,1.8539999999999999,-0.18300000000000005
2017-06,1.125,1.640565809959127,-0.5155658099591269,1.38,-0.26056580995912704,0.2549999999999999,-0.4,1.3,-1.7000000000000002,-0.5860358511646915,-1.8860358511646915,-0.18603585116469146,2.31,0.9300000000000002,Positive,0.5409199919834577,1.1269558431481492,Positive,0.25,2.053,1.803,-0.050999999999999934
2017-07,1.125,1.7251073506566073,-0.6001073506566073,1.34,-0.3851073506566072,0.21500000000000008,-0.4,1.3,-1.7000000000000002,-0.6677879301542609,-1.967787930154261,-0.26778793015426083,2.3,0.9599999999999997,Positive,0.5771010542149364,1.2448889843691973,Positive,0.46,2.231,1.771,-0.03200000000000003
2017-08,1.125,1.92812155729698,-0.8031215572969801,1.33,-0.59812155729698,0.20500000000000007,-0.4,1.5,-1.9,-0.7341663992199683,-2.2341663992199683,-0.33416639921996827,2.12,0.79,Positive,0.3846542552178906,1.118820654437859,Positive,0.35,2.11,1.7599999999999998,-0.01100000000000012
2017-09,1.125,2.1805652303711787,-1.0555652303711787,1.47,-0.7105652303711787,0.345,-0.4,1.6,-2.0,-0.6999581196698683,-2.2999581196698684,-0.2999581196698683,2.33,0.8600000000000001,Positive,0.5162529460039549,1.2162110656738232,Positive,0.35,2.109,1.759,-0.0009999999999998899
2017-10,1.125,2.020757753132485,-0.895757753132485,1.6,-0.42075775313248487,0.4750000000000001,-0.4,1.4,-1.7999999999999998,-0.744982685394139,-2.144982685394139,-0.344982685394139,2.38,0.7799999999999998,Positive,0.4385500943816023,1.1835327797757413,Positive,0.37,2.074,1.7039999999999997,-0.05500000000000016
2017-11,1.125,2.172493864295566,-1.047493864295566,1.78,-0.392493864295566,0.655,-0.4,1.5,-1.9,-0.7021452827025936,-2.2021452827025936,-0.30214528270259355,2.42,0.6399999999999999,Positive,0.4370419396738372,1.1391872223764308,Positive,0.31,1.789,1.4789999999999999,-0.22499999999999987
2017-12,1.375,2.129930719552253,-0.7549307195522532,1.89,-0.2399307195522533,0.5149999999999999,-0.4,1.3,-1.7000000000000002,-0.6352172241188692,-1.9352172241188692,-0.23521722411886914,2.4,0.51,Positive,0.5220430870463577,1.1572603111652269,Positive,0.3,1.795,1.4949999999999999,0.016000000000000014
2018-01,1.375,2.151318868063945,-0.776318868063945,2.14,-0.011318868063944887,0.7650000000000001,-0.4,1.3,-1.7000000000000002,-0.5247320548608307,-1.8247320548608308,-0.12473205486083072,2.72,0.5800000000000001,Positive,0.7098755198716349,1.2346075747324656,Positive,0.47,1.984,1.514,0.019000000000000128
2018-02,1.375,2.263468931091861,-0.888468931091861,2.25,-0.01346893109186098,0.875,-0.4,1.1,-1.5,-0.572716156433839,-1.672716156433839,-0.17271615643383897,2.87,0.6200000000000001,Positive,0.7091440932355493,1.2818602496693883,Positive,0.66,2.081,1.4209999999999998,-0.0930000000000002
2018-03,1.625,2.3309497646499366,-0.7059497646499366,2.27,-0.06094976464993662,0.645,-0.4,1.4,-1.7999999999999998,-0.609956169598294,-2.009956169598294,-0.209956169598294,2.74,0.4700000000000002,Positive,0.5484389371638745,1.1583951067621685,Positive,0.53,1.965,1.435,0.014000000000000234
2018-04,1.625,2.4709963021052994,-0.8459963021052994,2.49,0.0190036978947008,0.8650000000000002,-0.4,1.2,-1.6,-0.5709839086652089,-1.7709839086652088,-0.17098390866520885,2.95,0.45999999999999996,Positive,0.6286787111497132,1.199662619814922,Positive,0.48,1.773,1.293,-0.14200000000000013
2018-05,1.625,2.781921607842497,-1.1569216078424969,2.4,-0.38192160784249696,0.7749999999999999,-0.4,2.0,-2.4,-0.6913572167228086,-2.6913572167228086,-0.29135721672280857,2.83,0.43000000000000016,Positive,0.4024670996911501,1.0938243164139587,Positive,0.45,2.18,1.7300000000000002,0.4370000000000003
2018-06,1.875,2.8075506935940187,-0.9325506935940187,2.52,-0.28755069359401864,0.645,-0.4,2.0,-2.4,-0.682019234848231,-2.682019234848231,-0.282019234848231,2.85,0.33000000000000007,Positive,0.379055687017642,1.061074921865873,Positive,0.33,2.744,2.414,0.6839999999999999
2018-07,1.875,2.854124785561929,-0.979124785561929,2.67,-0.18412478556192902,0.7949999999999999,-0.4,2.2,-2.6,-0.5930745643892292,-2.7930745643892294,-0.1930745643892292,2.96,0.29000000000000004,Positive,0.4553404508943632,1.0484150152835925,Positive,0.28,2.643,2.3629999999999995,-0.0510000000000006
2018-08,1.875,2.6429238568742575,-0.7679238568742575,2.62,-0.022923856874257353,0.7450000000000001,-0.4,2.1,-2.5,-0.6269550761316642,-2.7269550761316643,-0.2269550761316642,2.86,0.23999999999999977,Flat,0.3719089874180712,0.9988640635497354,Positive,0.29,3.161,2.871,0.5080000000000005
2018-09,2.125,2.332055105808828,-0.2070551058088279,2.81,0.47794489419117214,0.685,-0.4,2.1,-2.5,-0.5451433434200164,-2.6451433434200164,-0.14514334342001634,3.05,0.23999999999999977,Flat,0.5091276886227742,1.0542710320427906,Positive,0.37,2.959,2.589,-0.28200000000000003
2018-10,2.125,2.492032470218053,-0.36703247021805296,2.87,0.37796752978194714,0.7450000000000001,-0.4,2.3,-2.6999999999999997,-0.6299003250758028,-2.9299003250758027,-0.22990032507580282,3.15,0.2799999999999998,Positive,0.4342568662405739,1.0641571913163768,Positive,0.4,3.469,3.069,0.48
2018-11,2.125,2.147328577667773,-0.022328577667773075,2.8,0.6526714223322267,0.6749999999999998,-0.4,1.9,-2.3,-0.6361893579852991,-2.536189357985299,-0.23618935798529905,3.01,0.20999999999999996,Flat,0.369032434490065,1.0052217924753641,Positive,0.31,3.39,3.08,0.01100000000000012
2018-12,2.375,2.0023809043401064,0.3726190956598936,2.48,0.4776190956598936,0.10499999999999998,-0.4,1.5,-1.9,-0.6582477614142714,-2.1582477614142714,-0.2582477614142714,2.72,0.20000000000000018,Flat,0.316223018423702,0.9744707798379735,Positive,0.19,2.975,2.785,-0.29499999999999993
2019-01,2.375,1.4875893578291333,0.8874106421708667,2.45,0.9624106421708669,0.07500000000000018,-0.4,1.4,-1.7999999999999998,-0.5821824089825123,-1.9821824089825122,-0.18218240898251226,2.63,0.17999999999999972,Flat,0.1876074798881903,0.7697898888707025,Positive,0.13,2.77,2.64,-0.14500000000000002
2019-02,2.375,1.5188615351321877,0.8561384648678123,2.52,1.0011384648678123,0.14500000000000002,-0.4,1.5,-1.9,-0.5375636107662469,-2.037563610766247,-0.1375636107662469,2.73,0.20999999999999996,Flat,0.2281325209626938,0.7656961317289407,Positive,0.06,2.812,2.752,0.11199999999999966
2019-03,2.375,1.8831863513063984,0.49181364869360156,2.27,0.3868136486936016,-0.10499999999999998,-0.4,1.4,-1.7999999999999998,-0.6201085047184351,-2.020108504718435,-0.22010850471843513,2.41,0.14000000000000012,Flat,-0.0134294349958481,0.606679069722587,Positive,0.01,2.69,2.68,-0.07199999999999962
2019-04,2.375,2.000583470209061,0.3744165297909392,2.27,0.2694165297909392,-0.10499999999999998,-0.4,1.7,-2.1,-0.5937872516143656,-2.293787251614366,-0.1937872516143656,2.51,0.23999999999999977,Flat,0.0761878544554783,0.6699751060698439,Positive,-0.04,2.618,2.658,-0.02200000000000024
2019-05,2.375,1.7959105553606136,0.5790894446393864,1.95,0.15408944463938634,-0.42500000000000004,-0.4,1.2,-1.6,-0.6869487790477953,-1.8869487790477952,-0.28694877904779525,2.14,0.19000000000000017,Flat,-0.1317339566911721,0.5552148223566231,Positive,-0.13,2.644,2.774,0.1160000000000001
2019-06,2.375,1.671194894390049,0.703805105609951,1.75,0.07880510560995102,-0.625,-0.4,1.3,-1.7000000000000002,-0.7454175604950399,-2.04541756049504,-0.3454175604950399,2.0,0.25,Positive,-0.2588942841047439,0.486523276390296,Positive,-0.31,2.284,2.594,-0.18000000000000016
2019-07,2.375,1.826331335037068,0.548668664962932,1.89,0.06366866496293189,-0.4850000000000001,-0.4,1.0,-1.4,-0.793812569790453,-1.793812569790453,-0.393812569790453,2.02,0.13000000000000012,Flat,-0.3904594031654613,0.4033531666249917,Positive,-0.39,1.654,2.044,-0.5499999999999998
2019-08,2.125,1.7376412106666406,0.38735878933335943,1.5,-0.23764121066664057,-0.625,-0.4,1.0,-1.4,-0.929722253152978,-1.929722253152978,-0.5297222531529779,1.5,0.0,Flat,-0.6526805405710738,0.27704171258190413,Positive,-0.65,1.404,2.054,0.009999999999999787
2019-09,1.875,1.6844977040391562,0.19050229596084378,1.63,-0.054497704039156325,-0.2450000000000001,-0.5,0.8,-1.3,-0.8056211899408283,-1.6056211899408284,-0.3056211899408283,1.68,0.050000000000000044,Flat,-0.5210200593301089,0.28460113061071945,Positive,-0.59,0.902,1.492,-0.5619999999999998
2019-10,1.625,1.7339736996186295,-0.10897369961862946,1.52,-0.21397369961862944,-0.10499999999999998,-0.5,0.7,-1.2,-0.6935057375135303,-1.3935057375135302,-0.19350573751353028,1.69,0.16999999999999993,Flat,-0.3645588719895603,0.32894686552397,Positive,-0.47,1.004,1.474,-0.018000000000000016
2019-11,1.625,2.092290394862917,-0.4672903948629168,1.61,-0.4822903948629167,-0.014999999999999902,-0.5,1.0,-1.5,-0.6469481468626892,-1.6469481468626892,-0.1469481468626892,1.78,0.16999999999999993,Flat,-0.2973038143639779,0.3496443324987113,Positive,-0.35,1.266,1.616,0.14200000000000013
2019-12,1.625,2.3195274699624457,-0.6945274699624457,1.58,-0.7395274699624457,-0.04499999999999993,-0.5,1.3,-1.8,-0.6183938631328096,-1.9183938631328097,-0.11839386313280964,1.9,0.31999999999999984,Positive,-0.1416139923580766,0.47677987077473305,Positive,-0.3,1.37,1.6700000000000002,0.05400000000000005
2020-01,1.625,2.599767976845202,-0.974767976845202,1.33,-1.269767976845202,-0.29499999999999993,-0.5,1.4,-1.9,-0.6798593217539244,-2.0798593217539243,-0.17985932175392438,1.51,0.17999999999999994,Flat,-0.3982077398358039,0.2816515819181205,Positive,-0.31,1.275,1.585,-0.08500000000000019
2020-02,1.625,2.3413166797595197,-0.7163166797595197,0.86,-1.4813166797595199,-0.765,-0.5,1.2,-1.7,-0.7861478169195122,-1.9861478169195121,-0.2861478169195122,1.13,0.2699999999999999,Positive,-0.5719619376432523,0.21418587927625987,Flat,-0.47,0.955,1.4249999999999998,-0.16000000000000014
2020-03,0.125,1.4940399642909163,-1.3690399642909163,0.23,-1.2640399642909164,0.10500000000000001,-0.5,0.7,-1.2,-0.7059234486470767,-1.4059234486470766,-0.20592344864707668,0.7,0.47,Positive,-0.4142217275658404,0.29170172108123626,Positive,-0.54,1.551,2.091,0.6660000000000004
2020-04,0.125,0.3130472940411133,-0.1880472940411133,0.2,-0.1130472940411133,0.07500000000000001,-0.5,0.3,-0.8,-0.7058396567979206,-1.0058396567979206,-0.2058396567979206,0.64,0.44,Positive,-0.4577088658789732,0.2481307909189474,Flat,-0.45,1.799,2.249,0.15799999999999992
2020-05,0.125,0.1982013035848551,-0.0732013035848551,0.16,-0.0382013035848551,0.035,-0.5,0.1,-0.6,-0.6337230426563956,-0.7337230426563955,-0.13372304265639556,0.65,0.49,Positive,-0.3592212288998233,0.2745018137565723,Positive,-0.516,1.762,2.278,0.028999999999999915
2020-06,0.125,0.7166562831830481,-0.5916562831830481,0.16,-0.556656283183048,0.035,-0.5,0.3,-0.8,-0.6942297983987724,-0.9942297983987725,-0.1942297983987724,0.66,0.5,Positive,-0.4511601140782186,0.2430696843205538,Flat,-0.434,1.455,1.889,-0.389
2020-07,0.125,0.9968647625897997,-0.8718647625897997,0.11,-0.8868647625897997,-0.015,-0.5,0.4,-0.9,-0.7097444067189911,-1.109744406718991,-0.20974440671899108,0.55,0.44000000000000006,Positive,-0.4934549928365368,0.21628941388245426,Flat,-0.523,1.196,1.7189999999999999,-0.17000000000000015
2020-08,0.125,1.2810698495523853,-1.1560698495523853,0.14,-1.1410698495523852,0.015000000000000013,-0.5,-0.2,-0.3,-0.6632123237944327,-0.4632123237944327,-0.16321232379443273,0.72,0.58,Positive,-0.370767370836389,0.29244495295804374,Positive,-0.522,1.032,1.554,-0.1649999999999998
2020-09,0.125,1.3910228912373812,-1.2660228912373812,0.13,-1.2610228912373813,0.0050000000000000044,-0.5,-0.3,-0.2,-0.6921246168744761,-0.39212461687447614,-0.19212461687447613,0.69,0.5599999999999999,Positive,-0.4953658691276756,0.19675874774680052,Flat,-0.524,0.981,1.505,-0.049000000000000155
2020-10,0.125,1.2303863428671624,-1.1053863428671624,0.14,-1.0903863428671623,0.015000000000000013,-0.5,-0.3,-0.2,-0.8008034978971357,-0.5008034978971356,-0.3008034978971357,0.88,0.74,Positive,-0.6034864733654897,0.197317024531646,Flat,-0.607,0.77,1.377,-0.1279999999999999
2020-11,0.125,1.1757452138405844,-1.0507452138405844,0.16,-1.0157452138405845,0.035,-0.5,-0.3,-0.2,-0.7521799828321072,-0.4521799828321072,-0.2521799828321072,0.84,0.6799999999999999,Positive,-0.5496842544259004,0.20249572840620678,Flat,-0.614,0.664,1.278,-0.09899999999999998
2020-12,0.125,1.3204191315779434,-1.1954191315779434,0.13,-1.1904191315779435,0.0050000000000000044,-0.5,-0.3,-0.2,-0.7668552891848657,-0.4668552891848657,-0.2668552891848657,0.93,0.81,Positive,-0.5700079921508663,0.1968472970339994,Flat,-0.618,0.578,1.196,-0.08200000000000007
2021-01,0.125,1.3738437137002402,-1.2488437137002402,0.11,-1.26384371370024,-0.015,-0.5,0.9,-1.4,-0.7531842013786023,-1.6531842013786022,-0.2531842013786023,1.11,1.0,Positive,-0.5122549639975529,0.24092923738104943,Flat,-0.583,0.616,1.1989999999999998,0.0029999999999998916
2021-02,0.125,1.6698167791706853,-1.5448167791706853,0.14,-1.5298167791706851,0.015000000000000013,-0.5,0.9,-1.4,-0.6666728489905649,-1.566672848990565,-0.1666728489905649,1.44,1.2999999999999998,Positive,-0.245739451145833,0.4209333978447319,Positive,-0.446,0.59,1.036,-0.1629999999999998
2021-03,0.125,2.6678187820641908,-2.5428187820641908,0.16,-2.5078187820641906,0.035,-0.5,1.3,-1.8,-0.7218383025045352,-2.021838302504535,-0.22183830250453518,1.74,1.58,Positive,-0.2786500209590494,0.4431882815454858,Positive,-0.364,0.704,1.068,0.03200000000000003
2021-04,0.125,4.133077115360573,-4.008077115360573,0.16,-3.9730771153605726,0.035,-0.5,1.6,-2.1,-0.7046917694532093,-2.3046917694532096,-0.20469176945320933,1.65,1.49,Positive,-0.1799941287779782,0.5246976406752311,Positive,-0.325,0.797,1.122,0.05400000000000005
2021-05,0.125,4.918257089467626,-4.793257089467626,0.14,-4.778257089467626,0.015000000000000013,-0.5,2.0,-2.5,-0.6935810688240931,-2.693581068824093,-0.1935810688240931,1.58,1.44,Positive,-0.1542104755539854,0.5443308645675037,Positive,-0.223,0.984,1.207,0.08499999999999996
2021-06,0.125,5.295632620349999,-5.170632620349999,0.25,-5.045632620349999,0.125,-0.5,1.9,-2.4,-0.6975142228883702,-2.5975142228883703,-0.19751422288837017,1.45,1.2,Positive,-0.2031675387389504,0.49434668414941974,Positive,-0.288,0.875,1.163,-0.04400000000000004
2021-07,0.125,5.245169381309234,-5.120169381309234,0.19,-5.055169381309233,0.065,-0.5,2.2,-2.7,-0.803462493440618,-3.003462493440618,-0.30346249344061804,1.24,1.05,Positive,-0.4398795835232656,0.3635829099173524,Positive,-0.45,0.748,1.198,0.03499999999999992
2021-08,0.125,5.152015301793966,-5.027015301793966,0.2,-4.952015301793966,0.07500000000000001,-0.5,3.0,-3.5,-0.7652988842901691,-3.765298884290169,-0.2652988842901691,1.3,1.1,Positive,-0.3929337298819684,0.3723651544082007,Positive,-0.539,0.628,1.167,-0.030999999999999917
2021-09,0.125,5.351215590949132,-5.226215590949132,0.28,-5.071215590949132,0.15500000000000003,-0.5,3.4,-3.9,-0.7205593344489154,-4.120559334448915,-0.2205593344489154,1.52,1.24,Positive,-0.1701871538638641,0.5503721805850513,Positive,-0.363,0.777,1.1400000000000001,-0.026999999999999913
2021-10,0.125,6.235042390298062,-6.110042390298062,0.48,-5.755042390298062,0.355,-0.5,4.1,-4.6,-0.6204530610444323,-4.720453061044432,-0.12045306104443232,1.55,1.07,Positive,-0.0692417043067128,0.5512113567377195,Positive,-0.206,0.955,1.161,0.020999999999999908
2021-11,0.125,6.901970403700863,-6.776970403700863,0.52,-6.381970403700864,0.395,-0.5,4.9,-5.4,-0.815302296062935,-5.715302296062935,-0.31530229606293503,1.43,0.9099999999999999,Positive,-0.3500497959956763,0.4652525000672587,Positive,-0.312,1.01,1.322,0.16100000000000003
2021-12,0.125,7.174340285065539,-7.049340285065539,0.73,-6.44434028506554,0.605,-0.5,5.0,-5.5,-0.6791412595704998,-5.6791412595705,-0.17914125957049976,1.52,0.79,Positive,-0.1884997053069739,0.49064155426352585,Positive,-0.383,1.047,1.43,0.10799999999999987
2022-01,0.125,7.558805726967832,-7.433805726967832,1.18,-6.378805726967832,1.055,-0.5,5.1,-5.6,-0.5723570248265979,-5.6723570248265975,-0.0723570248265979,1.79,0.6100000000000001,Positive,0.027558640324989,0.5999156651515869,Positive,-0.115,1.346,1.461,0.03100000000000014
2022-02,0.125,7.937278766517819,-7.812278766517819,1.44,-6.4972787665178195,1.315,-0.5,5.9,-6.4,-0.5354174156368479,-6.435417415636849,-0.03541741563684786,1.83,0.3900000000000001,Positive,0.2151889622433027,0.7506063778801506,Positive,0.15,1.794,1.6440000000000001,0.18300000000000005
2022-03,0.375,8.572204966013853,-8.197204966013853,2.28,-6.292204966013854,1.9049999999999998,-0.5,7.4,-7.9,-0.0860211316812611,-7.4860211316812615,0.41397886831873887,2.32,0.040000000000000036,Flat,0.6178605132498334,0.7038816449310945,Positive,0.282,1.854,1.572,-0.07200000000000006
2022-04,0.375,8.231750770777225,-7.856750770777225,2.7,-5.531750770777225,2.325,-0.5,7.5,-8.0,0.2135319527189509,-7.2864680472810495,0.7135319527189509,2.89,0.18999999999999995,Flat,0.9394447549795604,0.7259128022606095,Positive,0.745,2.436,1.6909999999999998,0.11899999999999977
2022-05,0.875,8.538171195642065,-7.6631711956420645,2.53,-6.008171195642065,1.6549999999999998,-0.5,8.1,-8.6,0.3577958329266786,-7.7422041670733215,0.8577958329266786,2.85,0.3200000000000003,Positive,1.2196374068344555,0.8618415739077769,Positive,0.953,2.99,2.0370000000000004,0.34600000000000053
2022-06,1.625,8.979361103105798,-7.3543611031057985,2.92,-6.059361103105799,1.295,-0.5,8.6,-9.1,0.6429685731460477,-7.957031426853952,1.1429685731460477,2.98,0.06000000000000005,Flat,1.4984395024541597,0.855470929308112,Positive,1.446,3.635,2.189,0.1519999999999997
2022-07,2.375,8.462576727730099,-6.087576727730099,2.89,-5.572576727730098,0.5150000000000001,0.0,8.9,-8.9,0.2543910607748882,-8.645608939225113,0.2543910607748882,2.67,-0.2200000000000002,Inverted,0.928512097752508,0.6741210369776198,Positive,1.082,3.359,2.277,0.08800000000000008
2022-08,2.375,8.222579178218826,-5.847579178218826,3.45,-4.772579178218826,1.0750000000000002,0.0,9.1,-9.1,1.0755895221438925,-8.024410477856108,1.0755895221438925,3.15,-0.30000000000000027,Inverted,1.571382059522819,0.4957925373789265,Positive,1.033,3.297,2.2640000000000002,-0.0129999999999999
2022-09,3.125,8.192106896425821,-5.0671068964258215,4.22,-3.9721068964258217,1.0949999999999998,0.75,9.9,-9.15,1.6662186292632288,-8.233781370736772,0.9162186292632288,3.83,-0.3899999999999997,Inverted,2.134773480380704,0.4685548511174753,Positive,1.796,4.138,2.3419999999999996,0.0779999999999994
2022-10,3.125,7.758813957693,-4.633813957693,4.51,-3.2488139576930006,1.3849999999999998,0.75,10.6,-9.85,1.920292461819309,-8.67970753818069,1.170292461819309,4.1,-0.41000000000000014,Inverted,2.2391387491331125,0.3188462873138036,Positive,2.186,4.532,2.346,0.004000000000000448
2022-11,3.875,7.122856456533988,-3.247856456533988,4.38,-2.742856456533988,0.5049999999999999,1.5,10.1,-8.6,2.0378229449647427,-8.062177055035257,0.5378229449647427,3.68,-0.6999999999999997,Inverted,1.9939423217948185,-0.04388062316992425,Inverted,2.066,4.243,2.1770000000000005,-0.1689999999999996
2022-12,4.375,6.404600402357152,-2.0296004023571523,4.41,-1.9946004023571522,0.03500000000000014,2.0,9.2,-7.199999999999999,2.565336451215762,-6.634663548784237,0.5653364512157619,3.88,-0.5300000000000002,Inverted,2.555313576346965,-0.010022874868796716,Inverted,2.085,4.257,2.1719999999999997,-0.005000000000000782
2023-01,4.375,6.327178517960097,-1.952178517960097,4.21,-2.117178517960097,-0.16500000000000004,2.0,8.6,-6.6,2.5071773696943893,-6.09282263030561,0.5071773696943893,3.52,-0.69,Inverted,2.321746829009651,-0.18543054068473852,Inverted,2.192,4.243,2.051,-0.12099999999999955
2023-02,4.625,5.957820738137087,-1.3328207381370873,4.81,-1.1478207381370877,0.1849999999999996,2.5,8.5,-6.0,3.0819028976254854,-5.418097102374515,0.5819028976254854,3.92,-0.8899999999999997,Inverted,2.7593967440187765,-0.32250615360670887,Inverted,2.37,4.27,1.8999999999999995,-0.1510000000000007
2023-03,4.875,4.917719362889961,-0.0427193628899607,4.06,-0.8577193628899611,-0.8150000000000004,3.0,6.9,-3.9000000000000004,2.6178698624258403,-4.2821301375741605,-0.3821301375741597,3.48,-0.5799999999999996,Inverted,2.4053734039225585,-0.2124964585032818,Inverted,2.383,4.24,1.8570000000000002,-0.04299999999999926
2023-04,4.875,4.950079879124369,-0.07507987912436942,4.04,-0.9100798791243694,-0.835,3.0,6.9,-3.9000000000000004,2.6848043965691053,-4.215195603430895,-0.3151956034308947,3.44,-0.6000000000000001,Inverted,2.4444445430269903,-0.24035985354211498,Inverted,2.359,4.234,1.875,0.017999999999999794
2023-05,5.125,4.131851231385042,0.993148768614958,4.4,0.2681487686149584,-0.7249999999999996,3.25,6.1,-2.8499999999999996,2.6441031237,-3.4558968762999998,-0.6058968763000001,3.64,-0.7600000000000002,Inverted,2.3837639734,-0.2603391503000001,Inverted,2.341,4.313,1.9719999999999995,0.09699999999999953
2023-06,5.125,3.070617072997095,2.054382927002905,4.87,1.7993829270029051,-0.2549999999999999,3.5,5.5,-2.0,3.1194082381,-2.3805917619,-0.3805917618999999,3.81,-1.06,Inverted,2.5070983224,-0.6123099157,Inverted,2.377,4.074,1.697,-0.27499999999999947
2023-07,5.375,3.287749268428297,2.087250731571703,4.88,1.5922507315717027,-0.4950000000000001,3.5,5.3,-1.7999999999999998,3.0155475324,-2.2844524676,-0.48445246760000016,3.97,-0.9099999999999997,Inverted,2.5434072241,-0.47214030829999976,Inverted,2.457,4.157,1.7000000000000002,0.0030000000000001137
2023-08,5.375,3.722504803505289,1.6524951964947112,4.85,1.1274951964947109,-0.5250000000000004,3.75,5.2,-1.4500000000000002,2.9548772685,-2.2451227315,-0.7951227314999998,4.09,-0.7599999999999998,Inverted,2.5706069449,-0.3842703236,Inverted,2.545,4.221,1.6760000000000002,-0.02400000000000002
2023-09,5.375,3.687206638119256,1.6877933618807441,5.03,1.3427933618807444,-0.34499999999999975,4.0,4.3,-0.2999999999999998,3.1572218833,-1.1427781166999997,-0.8427781166999999,4.59,-0.4400000000000004,Inverted,2.8762763259,-0.28094555739999993,Inverted,2.66,4.513,1.8529999999999998,0.1769999999999996
2023-10,5.375,3.2512659098611785,2.1237340901388215,5.07,1.8187340901388218,-0.3049999999999997,4.0,2.9,1.1,2.9879266452,0.08792664520000004,-1.0120733548,4.88,-0.1900000000000004,Inverted,2.8226726907,-0.1652539544999998,Inverted,2.823,4.885,2.062,0.20900000000000007
2023-11,5.375,3.1333462745911866,2.2416537254088134,4.73,1.5966537254088138,-0.6449999999999996,4.0,2.4,1.6,2.8061242815,0.4061242814999999,-1.1938757185000002,4.37,-0.3600000000000003,Inverted,2.5285020009,-0.2776222805999997,Inverted,2.602,4.428,1.826,-0.23599999999999977
2023-12,5.375,3.3159099427102934,2.0590900572897066,4.23,0.914090057289707,-1.1449999999999996,4.0,2.9,1.1,2.4363455063,-0.4636544937,-1.5636544937,3.88,-0.35000000000000053,Inverted,2.0808856999,-0.35545980639999986,Inverted,2.101,3.821,1.7200000000000002,-0.10599999999999987
2024-01,5.375,3.0883429864855705,2.2866570135144295,4.27,1.181657013514429,-1.1050000000000004,4.0,2.8,1.2000000000000002,2.4737329487,-0.3262670512999999,-1.5262670513,3.99,-0.27999999999999936,Inverted,2.26580157,-0.2079313787000001,Inverted,2.175,3.811,1.6360000000000001,-0.08400000000000007
2024-02,5.375,3.157074141648697,2.217925858351303,4.64,1.4829258583513028,-0.7350000000000003,4.0,2.6,1.4,2.9012443273,0.30124432730000006,-1.0987556726999999,4.25,-0.3899999999999997,Inverted,2.4801097363,-0.42113459099999995,Inverted,2.331,3.872,1.541,-0.0950000000000002
2024-03,5.375,3.4868349120836584,1.8881650879163416,4.59,1.1031650879163415,-0.7850000000000001,4.0,2.4,1.6,2.7981962094,0.3981962094,-1.2018037906,4.2,-0.3899999999999997,Inverted,2.359935488,-0.43826072139999983,Inverted,2.349,3.696,1.347,-0.19399999999999995
2024-04,5.375,3.3607951262196734,2.0142048737803266,5.04,1.6792048737803267,-0.33499999999999996,4.0,2.4,1.6,2.9967567161,0.5967567161000003,-1.0032432838999998,4.69,-0.34999999999999964,Inverted,2.6368704855,-0.35988623060000036,Inverted,2.446,3.856,1.4099999999999997,0.06299999999999972
2024-05,5.375,3.244278584003113,2.130721415996887,4.89,1.6457214159968867,-0.4850000000000003,4.0,2.6,1.4,3.0193484923,0.4193484922999997,-0.9806515077000002,4.51,-0.3799999999999999,Inverted,2.7015587512,-0.3177897410999999,Inverted,2.518,3.844,1.326,-0.08399999999999963
2024-06,5.375,2.9702579486470926,2.4047420513529074,4.71,1.7397420513529074,-0.665,3.75,2.5,1.25,2.7993707466,0.2993707466000002,-0.9506292533999998,4.36,-0.34999999999999964,Inverted,2.5019106798,-0.29746006680000026,Inverted,2.484,3.942,1.4580000000000002,0.13200000000000012
2024-07,5.375,2.9414757935583014,2.4335242064416986,4.29,1.3485242064416987,-1.085,3.75,2.6,1.15,2.5822152139,-0.017784786100000005,-1.1677847861,4.09,-0.20000000000000018,Inverted,2.3290703135,-0.25314490040000015,Inverted,2.458,3.83,1.3719999999999999,-0.0860000000000003
2024-08,5.375,2.607144490692037,2.767855509307963,3.91,1.302855509307963,-1.4649999999999999,3.75,2.2,1.5499999999999998,2.3591456102,0.15914561019999995,-1.3908543897999999,3.91,0.0,Flat,2.3888297669,0.029684156699999686,Flat,2.208,3.682,1.4739999999999998,0.10199999999999987
2024-09,4.875,2.4264830315416708,2.4485169684583292,3.66,1.2335169684583294,-1.2149999999999999,3.5,1.7,1.8,2.0342844512,0.33428445120000005,-1.4657155488,3.81,0.1499999999999999,Flat,2.2367867384,0.20250228720000019,Flat,2.166,3.565,1.399,-0.07499999999999973
2024-10,4.875,2.578844053871343,2.296155946128657,4.16,1.581155946128657,-0.7149999999999999,3.25,2.0,1.25,2.2433129773,0.2433129773,-1.0066870227,4.28,0.1200000000000001,Flat,2.520945558,0.2776325807000002,Positive,2.228,3.501,1.2729999999999997,-0.12600000000000033
2024-11,4.625,2.719472461284833,1.905527538715167,4.13,1.4105275387151668,-0.4950000000000001,3.25,2.2,1.0499999999999998,1.9120084184,-0.28799158160000027,-1.3379915816,4.18,0.04999999999999982,Flat,2.1852246483,0.2732162299000003,Positive,2.305,3.569,1.2639999999999998,-0.008999999999999897
2024-12,4.375,2.870690967509981,1.5043090324900188,4.25,1.3793090324900188,-0.125,3.0,2.4,0.6000000000000001,2.0111511629,-0.38884883709999984,-0.9888488370999999,4.55,0.3099999999999996,Positive,2.4473038368,0.4361526739000001,Positive,2.178,3.321,1.1430000000000002,-0.12099999999999955
2025-01,4.375,2.9909783078999608,1.3840216921000392,4.22,1.229021692100039,-0.15500000000000025,3.0,2.5,0.5,2.0552152666,-0.44478473340000013,-0.9447847334000001,4.58,0.3600000000000003,Positive,2.5304298486,0.475214582,Positive,2.484,3.676,1.1920000000000002,0.04899999999999993
2025-02,4.375,2.8015834477613355,1.5734165522386645,3.99,1.1884165522386647,-0.3849999999999998,2.75,2.3,0.4500000000000002,1.974536006,-0.3254639939999999,-0.7754639940000001,4.24,0.25,Positive,2.4692621079,0.4947261019000002,Positive,2.405,3.575,1.1700000000000004,-0.021999999999999797
2025-03,4.375,2.381981462805549,1.9930185371944509,3.89,1.508018537194451,-0.4849999999999999,2.5,2.2,0.2999999999999998,1.9946853961,-0.20531460390000023,-0.5053146039,4.23,0.3400000000000003,Positive,2.7817290051,0.7870436089999999,Positive,2.741,3.887,1.146,-0.024000000000000465
2025-04,4.375,2.32538823025783,2.04961176974217,3.6,1.2746117697421702,-0.7749999999999999,2.25,2.2,0.04999999999999982,1.6995058817,-0.5004941183000002,-0.5504941183000001,4.17,0.5699999999999998,Positive,2.5575500372,0.8580441555,Positive,2.511,3.712,1.201,0.05500000000000016
2025-05,4.375,2.3772651073680873,1.9977348926319127,3.89,1.5127348926319129,-0.4849999999999999,2.25,1.9,0.3500000000000001,1.780577865,-0.11942213499999998,-0.4694221350000001,4.41,0.52,Positive,2.6100622245,0.8294843595000001,Positive,2.562,3.629,1.0670000000000002,-0.1339999999999999
2025-06,4.375,2.680453865910226,1.6945461340897738,3.72,1.039546134089774,-0.6549999999999998,2.0,2.0,0.0,1.8448999837,-0.15510001630000003,-0.15510001630000003,4.24,0.52,Positive,2.6791846244,0.8342846407,Positive,2.52,3.501,0.9809999999999999,-0.0860000000000003
2025-07,4.375,2.742618052167134,1.632381947832866,3.94,1.197381947832866,-0.43500000000000005,2.0,2.0,0.0,1.9362248244,-0.06377517560000001,-0.06377517560000001,4.37,0.43000000000000016,Positive,2.7630604692,0.8268356448,Positive,2.631,3.537,0.9060000000000001,-0.07499999999999973
2025-08,4.375,2.9385917430316155,1.4364082569683845,3.59,0.6514082569683843,-0.7850000000000001,2.0,2.0,0.0,1.9213686405,-0.07863135950000011,-0.07863135950000011,4.23,0.6400000000000006,Positive,2.7854844577,0.8641158172000001,Positive,2.674,3.538,0.8639999999999999,-0.04200000000000026
2025-09,4.125,3.0225715847133294,1.1024284152866706,3.6,0.5774284152866707,-0.5249999999999999,2.0,2.2,-0.20000000000000018,1.9908238068,-0.20917619320000025,-0.009176193200000071,4.16,0.56,Positive,2.7786738794,0.7878500726,Positive,2.693,3.559,0.8660000000000001,0.002000000000000224
2025-10,3.875,,,3.6,,-0.2749999999999999,2.0,2.1,-0.10000000000000009,1.9496455975,-0.1503544025000001,-0.050354402500000006,4.11,0.5100000000000002,Positive,2.721602685,0.7719570875000001,Positive,2.617,3.442,0.8250000000000002,-0.040999999999999925
2025-11,3.875,2.6964439164939513,1.1785560835060487,3.47,0.7735560835060489,-0.4049999999999998,2.0,2.1,-0.10000000000000009,2.0086159249,-0.09138407510000013,0.00861592489999996,4.02,0.5499999999999994,Positive,2.7737857403,0.7651698154000002,Positive,2.657,3.459,0.802,-0.02300000000000013
2025-12,3.625,2.653304114557753,0.971695885442247,3.47,0.8166958854422472,-0.1549999999999998,2.0,2.0,0.0,2.108454926,0.10845492599999984,0.10845492599999984,4.18,0.7099999999999995,Positive,2.9480486243,0.8395936983000003,Positive,2.813,3.552,0.7389999999999999,-0.06300000000000017
2026-01,3.625,2.391201432150014,1.2337985678499859,3.52,1.128798567849986,-0.10499999999999998,2.0,1.7,0.30000000000000004,2.0495671759,0.3495671759000001,0.04956717590000004,4.26,0.7399999999999998,Positive,2.9033834533,0.8538162774,Positive,2.807,3.492,0.685,-0.053999999999999826
2026-02,3.625,2.4340041103732224,1.1909958896267776,3.38,0.9459958896267775,-0.2450000000000001,2.0,1.9,0.10000000000000009,1.9805043076,0.08050430760000005,-0.019495692400000042,3.97,0.5900000000000003,Positive,2.7266574195,0.7461531119,Positive,2.744,3.388,0.6439999999999997,-0.04100000000000037
2026-03,3.625,3.2859577528651984,0.3390422471348016,3.79,0.5040422471348016,0.16500000000000004,2.0,2.6,-0.6000000000000001,2.5889838861,-0.011016113900000235,0.5889838860999999,4.3,0.5099999999999998,Positive,3.0729993471,0.48401546100000026,Positive,2.91,3.733,0.823,0.17900000000000027
2026-04,3.625,3.7792458367415627,-0.15424583674156267,3.88,0.10075416325843722,0.2549999999999999,2.0,3.0,-1.0,2.6058943243,-0.3941056757000001,0.6058943242999999,4.4,0.5200000000000005,Positive,3.0939583349,0.48806401060000004,Positive,3.0,3.818,0.8180000000000001,-0.004999999999999893
2026-05,3.625,4.166614684049641,-0.541614684049641,3.98,-0.186614684049641,0.355,2.0,3.2,-1.2000000000000002,2.5006714674,-0.6993285326,0.5006714674000001,4.45,0.4700000000000002,Positive,3.016587454,0.5159159866,Positive,3.045,3.839,0.794,-0.02400000000000002
2026-06,3.625,3.463530729385411,0.16146927061458882,4.14,0.6764692706145885,0.5149999999999997,2.25,2.8,-0.5499999999999998,2.4760833371,-0.3239166628999999,0.22608333709999995,4.44,0.3000000000000007,Positive,2.9244927445,0.44840940740000024,Positive,2.964,3.734,0.77,-0.02400000000000002
2026-07,3.625,3.303856050706311,0.32114394929368917,4.28,0.9761439492936894,0.6550000000000002,2.25,2.9,-0.6499999999999999,2.7607858384,-0.1392141616,0.5107858383999999,4.75,0.46999999999999975,Positive,3.2273140986,0.46652826020000004,Positive,3.07,3.881,0.8109999999999999,0.040999999999999925
2026-08,3.625,3.353016322755642,0.271983677244358,4.34,0.9869836772443579,0.7149999999999999,2.25,3.2,-0.9500000000000002,2.8560179314,-0.34398206860000036,0.6060179313999998,4.75,0.41000000000000014,Positive,3.3395935506,0.48357561920000025,Positive,3.185,3.986,0.8010000000000002,-0.009999999999999787
