quarter,real_gdp_growth_qoq,us_cpi_yoy,growth_regime,inflation_regime,regime
1948Q1,1.5152127633617285,8.847409542115972,Strong Growth,High Inflation,Overheating
1948Q2,1.6582930518265648,9.010897701387455,Strong Growth,High Inflation,Overheating
1948Q3,0.5701061289696829,8.49302489640884,Strong Growth,High Inflation,Overheating
1948Q4,0.12476630625266605,4.538302605493254,Weak Growth,High Inflation,Stagflation
1949Q1,-1.3782319534360488,1.3840678768324215,Weak Growth,Low Inflation,Deflationary Slowdown
1949Q2,-0.3518526522187315,-0.3163529329893648,Weak Growth,Low Inflation,Deflationary Slowdown
1949Q3,1.0338563261834244,-2.7870289661630814,Strong Growth,Low Inflation,Goldilocks
1949Q4,-0.8354104775721072,-2.122052265215487,Weak Growth,Low Inflation,Deflationary Slowdown
1950Q1,3.9364104664247,-1.4888018044900104,Strong Growth,Low Inflation,Goldilocks
1950Q2,3.034099315091665,-0.6271718964698136,Strong Growth,Low Inflation,Goldilocks
1950Q3,3.869548797561162,2.0516988674217216,Strong Growth,Low Inflation,Goldilocks
1950Q4,1.9190486559716335,4.368880911276192,Strong Growth,High Inflation,Overheating
1951Q1,1.3475174441242466,8.944107613309784,Strong Growth,High Inflation,Overheating
1951Q2,1.7296072261964612,9.174133952917515,Strong Growth,High Inflation,Overheating
1951Q3,2.060439583610596,7.149059307541439,Strong Growth,High Inflation,Overheating
1951Q4,0.22424458721626017,6.577383980078255,Weak Growth,High Inflation,Stagflation
1952Q1,1.058087975923172,2.8106675885387697,Strong Growth,Low Inflation,Goldilocks
1952Q2,0.1994027846918156,2.0813732032731957,Weak Growth,Low Inflation,Deflationary Slowdown
1952Q3,0.7172463996738099,2.8288161017171167,Strong Growth,Low Inflation,Goldilocks
1952Q4,3.284598476615419,1.4461519250141535,Strong Growth,Low Inflation,Goldilocks
1953Q1,1.871787317665552,0.7697772970905866,Strong Growth,Low Inflation,Goldilocks
1953Q2,0.7661501511058377,0.8809270141063438,Strong Growth,Low Inflation,Goldilocks
1953Q3,-0.5545966267877622,0.6627039276481191,Weak Growth,Low Inflation,Deflationary Slowdown
1953Q4,-1.508805214769482,0.7242165538699163,Weak Growth,Low Inflation,Deflationary Slowdown
1954Q1,-0.47842238222152167,1.2523333550645388,Weak Growth,Low Inflation,Deflationary Slowdown
1954Q2,0.09985034904038681,0.7111350397146202,Weak Growth,Low Inflation,Deflationary Slowdown
1954Q3,1.1306785324635138,-0.012072280244594205,Strong Growth,Low Inflation,Goldilocks
1954Q4,1.9662443382908235,-0.49543405991986367,Strong Growth,Low Inflation,Goldilocks
1955Q1,2.850763892575503,-0.5935870516900699,Strong Growth,Low Inflation,Goldilocks
1955Q2,1.634488274863588,-0.569497527533284,Strong Growth,Low Inflation,Goldilocks
1955Q3,1.3475174441242466,-0.23575802693224604,Strong Growth,Low Inflation,Goldilocks
1955Q4,0.5946743746348293,0.37373899196740573,Strong Growth,Low Inflation,Goldilocks
1956Q1,-0.3771280245364328,0.24884917701727774,Weak Growth,Low Inflation,Deflationary Slowdown
1956Q2,0.8149828042316898,1.0470475373543842,Strong Growth,Low Inflation,Goldilocks
1956Q3,-0.07508452296147716,2.016949745739042,Weak Growth,Low Inflation,Deflationary Slowdown
1956Q4,1.6582930518265648,2.581630043998954,Strong Growth,Low Inflation,Goldilocks
1957Q1,0.6437569334555304,3.4125801196636254,Strong Growth,High Inflation,Overheating
1957Q2,-0.22576338655427852,3.612615904470499,Weak Growth,High Inflation,Stagflation
1957Q3,0.9853406548968824,3.46544725387307,Strong Growth,High Inflation,Overheating
1957Q4,-1.0411472485858275,3.085365069103285,Weak Growth,High Inflation,Stagflation
1958Q1,-2.5996253574703254,3.456093669943957,Weak Growth,High Inflation,Stagflation
1958Q2,0.6682713079279257,3.273096154524646,Strong Growth,High Inflation,Overheating
1958Q3,2.3181404377636383,2.3000960651986757,Strong Growth,Low Inflation,Goldilocks
1958Q4,2.3414714483865895,1.9134357142088776,Strong Growth,Low Inflation,Goldilocks
1959Q1,1.9190486559716335,0.8945253113952223,Strong Growth,Low Inflation,Goldilocks
1959Q2,2.248051477512769,0.39185388233514323,Strong Growth,Low Inflation,Goldilocks
1959Q3,0.07491577235239077,0.9684436786301598,Weak Growth,Low Inflation,Deflationary Slowdown
1959Q4,0.2738728493097309,1.4741566187383908,Weak Growth,Low Inflation,Deflationary Slowdown
1960Q1,2.248051477512769,1.3911856880802393,Strong Growth,Low Inflation,Goldilocks
1960Q2,-0.529185764008,1.8250196101042615,Weak Growth,Low Inflation,Deflationary Slowdown
1960Q3,0.49629315732038215,1.358864662264514,Weak Growth,Low Inflation,Deflationary Slowdown
1960Q4,-1.2741455098566168,1.3960067587019436,Weak Growth,Low Inflation,Deflationary Slowdown
1961Q1,0.6682713079279257,1.5081492791054159,Strong Growth,Low Inflation,Goldilocks
1961Q2,1.7058525001811375,0.8679556967939354,Strong Growth,Low Inflation,Goldilocks
1961Q3,1.9190486559716335,1.2053937510250412,Strong Growth,Low Inflation,Goldilocks
1961Q4,1.9662443382908235,0.7052055720092895,Strong Growth,Low Inflation,Goldilocks
1962Q1,1.7770668179371674,0.8936550491510283,Strong Growth,Low Inflation,Goldilocks
1962Q2,0.9124357771665981,1.3074201848525924,Strong Growth,Low Inflation,Goldilocks
1962Q3,1.2272234429039353,1.201974478646924,Strong Growth,Low Inflation,Goldilocks
1962Q4,0.32342753349741127,1.300455996544625,Weak Growth,Low Inflation,Deflationary Slowdown
1963Q1,1.0823022074380795,1.2291109511422056,Strong Growth,Low Inflation,Goldilocks
1963Q2,1.1306785324635138,1.036888605160698,Strong Growth,Low Inflation,Goldilocks
1963Q3,2.201245307557742,1.3645447889017264,Strong Growth,Low Inflation,Goldilocks
1963Q4,0.6437569334555304,1.3934606100504787,Strong Growth,Low Inflation,Goldilocks
1964Q1,2.1074395682444402,1.4875702296923254,Strong Growth,Low Inflation,Goldilocks
1964Q2,1.0823022074380795,1.463078592733839,Strong Growth,Low Inflation,Goldilocks
1964Q3,1.5629734036085585,1.0742511911006207,Strong Growth,Low Inflation,Goldilocks
1964Q4,0.29865937273256815,1.2661498690505295,Weak Growth,Low Inflation,Deflationary Slowdown
1965Q1,2.411368908444511,1.1639292254741251,Strong Growth,Low Inflation,Goldilocks
1965Q2,1.27539248981694,1.6460472814456617,Strong Growth,Low Inflation,Goldilocks
1965Q3,2.224656429310179,1.7176815357512254,Strong Growth,Low Inflation,Goldilocks
1965Q4,2.294793456109856,1.7844331692295305,Strong Growth,Low Inflation,Goldilocks
1966Q1,2.434636289000114,2.4181227626929016,Strong Growth,Low Inflation,Goldilocks
1966Q2,0.34817736331480553,2.689222098095153,Weak Growth,Low Inflation,Deflationary Slowdown
1966Q3,0.8393725442048305,3.2717083426005398,Strong Growth,High Inflation,Overheating
1966Q4,0.8149828042316898,3.5700073192116655,Strong Growth,High Inflation,Overheating
1967Q1,0.888099000821585,2.8718317016550365,Strong Growth,Low Inflation,Goldilocks
1967Q2,0.04996254368994091,2.566641744275233,Weak Growth,Low Inflation,Deflationary Slowdown
1967Q3,0.9367549585383772,2.708789935620248,Strong Growth,Low Inflation,Goldilocks
1967Q4,0.7661501511058377,2.9901297481070395,Strong Growth,Low Inflation,Goldilocks
1968Q1,2.0369152211899166,3.741057996377147,Strong Growth,High Inflation,Overheating
1968Q2,1.6820811178167583,4.1204346340298015,Strong Growth,High Inflation,Overheating
1968Q3,0.7661501511058377,4.477638539552024,Strong Growth,High Inflation,Overheating
1968Q4,0.397622156519839,4.626145198238429,Weak Growth,High Inflation,Stagflation
1969Q1,1.5629734036085585,4.872752698538359,Strong Growth,High Inflation,Overheating
1969Q2,0.29865937273256815,5.502002171177208,Weak Growth,High Inflation,Stagflation
1969Q3,0.6682713079279257,5.523567733691892,Strong Growth,High Inflation,Overheating
1969Q4,-0.47842238222152167,5.832267391309435,Weak Growth,High Inflation,Stagflation
1970Q1,-0.15033868614469093,6.2270762723552435,Weak Growth,High Inflation,Stagflation
1970Q2,0.1496636763991699,6.03849702210358,Weak Growth,High Inflation,Stagflation
1970Q3,0.9124357771665981,5.6859853360633705,Strong Growth,High Inflation,Overheating
1970Q4,-1.0669547492157427,5.600106195613264,Weak Growth,High Inflation,Stagflation
1971Q1,2.712616147785596,4.813365533783435,Strong Growth,High Inflation,Overheating
1971Q2,0.5455198647860593,4.313810844177812,Strong Growth,High Inflation,Overheating
1971Q3,0.8149828042316898,4.270262320207234,Strong Growth,High Inflation,Overheating
1971Q4,0.22424458721626017,3.5362639308765895,Weak Growth,High Inflation,Stagflation
1972Q1,1.848131960836441,3.5058479532163793,Strong Growth,High Inflation,Overheating
1972Q2,2.2714304778920447,3.226680411674924,Strong Growth,High Inflation,Overheating
1972Q3,0.9367549585383772,3.0301141609458,Strong Growth,High Inflation,Overheating
1972Q4,1.6820811178167583,3.333148095994735,Strong Growth,High Inflation,Overheating
1973Q1,2.4811235423036315,4.112142957647391,Strong Growth,High Inflation,Overheating
1973Q2,1.0823022074380795,5.608418270017908,Strong Growth,High Inflation,Overheating
1973Q3,-0.529185764008,6.834538413634971,Weak Growth,High Inflation,Stagflation
1973Q4,0.9610565745902022,8.417588496545,Strong Growth,High Inflation,Overheating
1974Q1,-0.8610575997277881,9.913374128075334,Weak Growth,High Inflation,Stagflation
1974Q2,0.24906793143211203,10.54484291135216,Weak Growth,High Inflation,Stagflation
1974Q3,-0.9381186314449397,11.458084360739214,Weak Growth,High Inflation,Stagflation
1974Q4,-0.3771280245364328,12.045857796804535,Weak Growth,High Inflation,Stagflation
1975Q1,-1.22222550532749,11.13915393131118,Weak Growth,High Inflation,Stagflation
1975Q2,0.7172463996738099,9.54334763858573,Strong Growth,High Inflation,Overheating
1975Q3,1.7058525001811375,8.685280456232194,Strong Growth,High Inflation,Overheating
1975Q4,1.3475174441242466,7.384931337519947,Strong Growth,High Inflation,Overheating
1976Q1,2.248051477512769,6.342176977005291,Strong Growth,High Inflation,Overheating
1976Q2,0.7417071777732875,6.0150180935084245,Strong Growth,High Inflation,Overheating
1976Q3,0.5455198647860593,5.589872748544337,Strong Growth,High Inflation,Overheating
1976Q4,0.7172463996738099,5.1879144121930105,Strong Growth,High Inflation,Overheating
1977Q1,1.1789855338339539,5.9026646160929745,Strong Growth,High Inflation,Overheating
1977Q2,1.94265469082735,6.79713344850322,Strong Growth,High Inflation,Overheating
1977Q3,1.8007717378669685,6.574013476827608,Strong Growth,High Inflation,Overheating
1977Q4,0.0,6.593658295885614,Weak Growth,High Inflation,Stagflation
1978Q1,0.32342753349741127,6.476536449425585,Weak Growth,High Inflation,Stagflation
1978Q2,3.869548797561162,7.02695789059425,Strong Growth,High Inflation,Overheating
1978Q3,1.009607228955045,8.023036032309035,Strong Growth,High Inflation,Overheating
1978Q4,1.3475174441242466,8.929434405150246,Strong Growth,High Inflation,Overheating
1979Q1,0.1745424918011773,9.78134483198405,Weak Growth,High Inflation,Stagflation
1979Q2,0.09985034904038681,10.75324350529067,Weak Growth,High Inflation,Stagflation
1979Q3,0.7417071777732875,11.722065417920504,Strong Growth,High Inflation,Overheating
1979Q4,0.24906793143211203,12.639638021870018,Weak Growth,High Inflation,Stagflation
1980Q1,0.32342753349741127,14.207579175926782,Weak Growth,High Inflation,Stagflation
1980Q2,-2.0629638664440675,14.426977804480442,Weak Growth,High Inflation,Stagflation
1980Q3,-0.1252350609524555,12.936532371818378,Weak Growth,High Inflation,Stagflation
1980Q4,1.871787317665552,12.53942126086874,Strong Growth,High Inflation,Overheating
1981Q1,1.9662443382908235,11.266337396333128,Strong Growth,High Inflation,Overheating
1981Q2,-0.7330204707526655,9.874953898447243,Weak Growth,High Inflation,Stagflation
1981Q3,1.2031131104942583,10.852520378653688,Strong Growth,High Inflation,Overheating
1981Q4,-1.0927824619634818,9.587674308185493,Weak Growth,High Inflation,Stagflation
1982Q1,-1.561180237161952,7.585130981360822,Weak Growth,High Inflation,Stagflation
1982Q2,0.4469940043182685,6.905340793829332,Weak Growth,High Inflation,Stagflation
1982Q3,-0.3771280245364328,5.821197876248388,Weak Growth,High Inflation,Stagflation
1982Q4,0.04996254368994091,4.445149725547762,Weak Growth,High Inflation,Stagflation
1983Q1,1.323492903514123,3.5942002398296147,Strong Growth,High Inflation,Overheating
1983Q2,2.2714304778920447,3.305103755702003,Strong Growth,High Inflation,Overheating
1983Q3,1.9898176248819288,2.5263452571538503,Strong Growth,Low Inflation,Goldilocks
1983Q4,2.083947690567012,3.234220753930302,Strong Growth,High Inflation,Overheating
1984Q1,1.9662443382908235,4.625645280806008,Strong Growth,High Inflation,Overheating
1984Q2,1.7296072261964612,4.405096341402204,Strong Growth,High Inflation,Overheating
1984Q3,0.9610565745902022,4.295730018689888,Strong Growth,High Inflation,Overheating
1984Q4,0.8149828042316898,4.154522730475711,Strong Growth,High Inflation,Overheating
1985Q1,0.9610565745902022,3.6407600754840836,Strong Growth,High Inflation,Overheating
1985Q2,0.888099000821585,3.607032131397444,Strong Growth,High Inflation,Overheating
1985Q3,1.5391015078703774,3.352692375295533,Strong Growth,High Inflation,Overheating
1985Q4,0.7417071777732875,3.513417882290478,Strong Growth,High Inflation,Overheating
1986Q1,0.9367549585383772,3.108520937391179,Strong Growth,High Inflation,Overheating
1986Q2,0.4469940043182685,1.6784437949353432,Weak Growth,Low Inflation,Deflationary Slowdown
1986Q3,0.9610565745902022,1.6681579718071122,Strong Growth,Low Inflation,Goldilocks
1986Q4,0.5455198647860593,1.346146186031542,Strong Growth,Low Inflation,Goldilocks
1987Q1,0.7417071777732875,2.040206267080813,Strong Growth,Low Inflation,Goldilocks
1987Q2,1.0823022074380795,3.699097461524614,Strong Growth,High Inflation,Overheating
1987Q3,0.8637445997713433,4.162663026626631,Strong Growth,High Inflation,Overheating
1987Q4,1.7058525001811375,4.405610783182734,Strong Growth,High Inflation,Overheating
1988Q1,0.5209155512190033,3.9657684219989093,Strong Growth,High Inflation,Overheating
1988Q2,1.323492903514123,3.979986700878772,Strong Growth,High Inflation,Overheating
1988Q3,0.5946743746348293,4.142289572369573,Strong Growth,High Inflation,Overheating
1988Q4,1.323492903514123,4.3062449303434756,Strong Growth,High Inflation,Overheating
1989Q1,1.009607228955045,4.6742075173991315,Strong Growth,High Inflation,Overheating
1989Q2,0.7661501511058377,5.16007232097911,Strong Growth,High Inflation,Overheating
1989Q3,0.7417071777732875,4.706762107416984,Strong Growth,High Inflation,Overheating
1989Q4,0.1994027846918156,4.62726245901192,Weak Growth,High Inflation,Stagflation
1990Q1,1.0823022074380795,5.232831190776925,Strong Growth,High Inflation,Overheating
1990Q2,0.37290889380929837,4.5835556718683,Weak Growth,High Inflation,Stagflation
1990Q3,0.07491577235239077,5.563986716095148,Weak Growth,High Inflation,Stagflation
1990Q4,-0.9124116404740534,6.276642343789729,Weak Growth,High Inflation,Stagflation
1991Q1,-0.47842238222152167,5.260236559631637,Weak Growth,High Inflation,Stagflation
1991Q2,0.7905753498819612,4.846902272359806,Strong Growth,High Inflation,Overheating
1991Q3,0.49629315732038215,3.854478201437598,Weak Growth,High Inflation,Stagflation
1991Q4,0.34817736331480553,2.965256194834017,Weak Growth,Low Inflation,Deflationary Slowdown
1992Q1,1.2031131104942583,2.8938359559324005,Strong Growth,Low Inflation,Goldilocks
1992Q2,1.0823022074380795,3.073710745857028,Strong Growth,High Inflation,Overheating
1992Q3,0.9853406548968824,3.0748310601753723,Strong Growth,High Inflation,Overheating
1992Q4,1.0338563261834244,3.1223542430255975,Strong Growth,High Inflation,Overheating
1993Q1,0.1745424918011773,3.173319946081321,Weak Growth,High Inflation,Stagflation
1993Q2,0.5701061289696829,3.125143812652253,Strong Growth,High Inflation,Overheating
1993Q3,0.4716526520585962,2.817293781669387,Weak Growth,Low Inflation,Deflationary Slowdown
1993Q4,1.3715249117428607,2.7692674756749853,Strong Growth,Low Inflation,Goldilocks
1994Q1,0.9610565745902022,2.5394943820659766,Strong Growth,Low Inflation,Goldilocks
1994Q2,1.3475174441242466,2.382561899555561,Strong Growth,Low Inflation,Goldilocks
1994Q3,0.5946743746348293,2.855010555094472,Strong Growth,Low Inflation,Goldilocks
1994Q4,1.154840684117464,2.603344144440034,Strong Growth,Low Inflation,Goldilocks
1995Q1,0.34817736331480553,2.840339553572931,Weak Growth,Low Inflation,Deflationary Slowdown
1995Q2,0.29865937273256815,3.095413472227001,Weak Growth,High Inflation,Stagflation
1995Q3,0.8637445997713433,2.6642831094231934,Strong Growth,Low Inflation,Goldilocks
1995Q4,0.6682713079279257,2.6264758134387334,Strong Growth,Low Inflation,Goldilocks
1996Q1,0.7417071777732875,2.783881388262851,Strong Growth,Low Inflation,Goldilocks
1996Q2,1.6582930518265648,2.827094774662779,Strong Growth,Low Inflation,Goldilocks
1996Q3,0.888099000821585,2.900074323344389,Strong Growth,Low Inflation,Goldilocks
1996Q4,1.0338563261834244,3.231265700211187,Strong Growth,High Inflation,Overheating
1997Q1,0.6437569334555304,2.9452232362230752,Strong Growth,Low Inflation,Goldilocks
1997Q2,1.6582930518265648,2.3019186506632927,Strong Growth,Low Inflation,Goldilocks
1997Q3,1.2513165597931364,2.225028454311606,Strong Growth,Low Inflation,Goldilocks
1997Q4,0.8637445997713433,1.8911240605164286,Strong Growth,Low Inflation,Goldilocks
1998Q1,1.009607228955045,1.4826793214697487,Strong Growth,Low Inflation,Goldilocks
1998Q2,0.9367549585383772,1.5833085441197214,Strong Growth,Low Inflation,Goldilocks
1998Q3,1.2513165597931364,1.5964501135180627,Strong Growth,Low Inflation,Goldilocks
1998Q4,1.6106667595102708,1.525740097731772,Strong Growth,Low Inflation,Goldilocks
1999Q1,0.9367549585383772,1.6872427983539051,Strong Growth,Low Inflation,Goldilocks
1999Q2,0.8393725442048305,2.112585759261313,Strong Growth,Low Inflation,Goldilocks
1999Q3,1.323492903514123,2.3463197156808078,Strong Growth,Low Inflation,Goldilocks
1999Q4,1.634488274863588,2.6197635342648296,Strong Growth,Low Inflation,Goldilocks
2000Q1,0.37290889380929837,3.257688294692914,Weak Growth,High Inflation,Stagflation
2000Q2,1.8244601098569957,3.29377788429183,Strong Growth,High Inflation,Overheating
2000Q3,0.09985034904038681,3.4690208756786856,Weak Growth,High Inflation,Stagflation
2000Q4,0.5946743746348293,3.4435088887033207,Strong Growth,High Inflation,Overheating
2001Q1,-0.3265964982842928,3.4110242888877838,Weak Growth,High Inflation,Stagflation
2001Q2,0.6192246325636086,3.325100304470478,Strong Growth,High Inflation,Overheating
2001Q3,-0.40242264939475136,2.678376859083668,Weak Growth,Low Inflation,Deflationary Slowdown
2001Q4,0.2738728493097309,1.8752331260311284,Weak Growth,Low Inflation,Deflationary Slowdown
2002Q1,0.8393725442048305,1.2317084729315624,Strong Growth,Low Inflation,Goldilocks
2002Q2,0.6192246325636086,1.3180144852859972,Strong Growth,Low Inflation,Goldilocks
2002Q3,0.397622156519839,1.576360012077882,Weak Growth,Low Inflation,Deflationary Slowdown
2002Q4,0.12476630625266605,2.2536062429198,Weak Growth,Low Inflation,Deflationary Slowdown
2003Q1,0.5209155512190033,2.9762446289777866,Strong Growth,Low Inflation,Goldilocks
2003Q2,0.888099000821585,2.006016987171836,Strong Growth,Low Inflation,Goldilocks
2003Q3,1.6582930518265648,2.2166468738735956,Strong Growth,Low Inflation,Goldilocks
2003Q4,1.154840684117464,2.0018402602853147,Strong Growth,Low Inflation,Goldilocks
2004Q1,0.5701061289696829,1.8182720844726645,Strong Growth,Low Inflation,Goldilocks
2004Q2,0.7661501511058377,2.7860008993731236,Strong Growth,Low Inflation,Goldilocks
2004Q3,0.9367549585383772,2.675389628735969,Strong Growth,Low Inflation,Goldilocks
2004Q4,1.009607228955045,3.384951229497483,Strong Growth,High Inflation,Overheating
2005Q1,1.1064990499148664,3.0349137886791717,Strong Growth,High Inflation,Overheating
2005Q2,0.49629315732038215,2.924035982051199,Weak Growth,Low Inflation,Deflationary Slowdown
2005Q3,0.7905753498819612,3.818642734175293,Strong Growth,High Inflation,Overheating
2005Q4,0.5455198647860593,3.6757348188830137,Strong Growth,High Inflation,Overheating
2006Q1,1.3475174441242466,3.6916536531380166,Strong Growth,High Inflation,Overheating
2006Q2,0.24906793143211203,3.9242776239420594,Weak Growth,High Inflation,Stagflation
2006Q3,0.1496636763991699,3.3477698577253583,Weak Growth,High Inflation,Stagflation
2006Q4,0.8637445997713433,1.9663363141878702,Strong Growth,Low Inflation,Goldilocks
2007Q1,0.29865937273256815,2.431407752138126,Weak Growth,Low Inflation,Deflationary Slowdown
2007Q2,0.6192246325636086,2.6651918733250644,Strong Growth,Low Inflation,Goldilocks
2007Q3,0.5701061289696829,2.3497218317923174,Strong Growth,Low Inflation,Goldilocks
2007Q4,0.6192246325636086,4.030926361559224,Strong Growth,High Inflation,Overheating
2008Q1,-0.42773656104653224,4.137519491970795,Weak Growth,High Inflation,Stagflation
2008Q2,0.5946743746348293,4.30938030168689,Strong Growth,High Inflation,Overheating
2008Q3,-0.529185764008,5.252949705189717,Weak Growth,High Inflation,Stagflation
2008Q4,-2.1963025501873235,1.6029157860064462,Weak Growth,Low Inflation,Deflationary Slowdown
2009Q1,-1.1444986718188166,-0.18386721533766673,Weak Growth,Low Inflation,Deflationary Slowdown
2009Q2,-0.17546125985610228,-0.9404201794809312,Weak Growth,Low Inflation,Deflationary Slowdown
2009Q3,0.34817736331480553,-1.606846477658504,Weak Growth,Low Inflation,Deflationary Slowdown
2009Q4,1.0823022074380795,1.5015806678263186,Strong Growth,Low Inflation,Goldilocks
2010Q1,0.4716526520585962,2.352873062057078,Weak Growth,Low Inflation,Deflationary Slowdown
2010Q2,0.9610565745902022,1.7772934252725452,Strong Growth,Low Inflation,Goldilocks
2010Q3,0.7661501511058377,1.2030894224088466,Strong Growth,Low Inflation,Goldilocks
2010Q4,0.5209155512190033,1.2296776492499124,Strong Growth,Low Inflation,Goldilocks
2011Q1,-0.22576338655427852,2.1483077250634106,Weak Growth,Low Inflation,Deflationary Slowdown
2011Q2,0.6682713079279257,3.346174825439803,Strong Growth,High Inflation,Overheating
2011Q3,-0.025009380472507114,3.71583290017546,Weak Growth,High Inflation,Stagflation
2011Q4,1.1306785324635138,3.3452557278883894,Strong Growth,High Inflation,Overheating
2012Q1,0.8393725442048305,2.829940020554996,Strong Growth,Low Inflation,Goldilocks
2012Q2,0.4469940043182685,1.8883255866328552,Weak Growth,Low Inflation,Deflationary Slowdown
2012Q3,0.1496636763991699,1.6843877645368543,Weak Growth,Low Inflation,Deflationary Slowdown
2012Q4,0.12476630625266605,1.903734247539705,Weak Growth,Low Inflation,Deflationary Slowdown
2013Q1,0.9853406548968824,1.7403164978267993,Strong Growth,Low Inflation,Goldilocks
2013Q2,0.2738728493097309,1.4149968008844827,Weak Growth,Low Inflation,Deflationary Slowdown
2013Q3,0.8637445997713433,1.5063384673969615,Strong Growth,Low Inflation,Goldilocks
2013Q4,0.8637445997713433,1.2075025688146408,Strong Growth,Low Inflation,Goldilocks
2014Q1,-0.3518526522187315,1.4303094480960714,Weak Growth,Low Inflation,Deflationary Slowdown
2014Q2,1.2994512615554177,2.0803515617601334,Strong Growth,Low Inflation,Goldilocks
2014Q3,1.2272234429039353,1.791129063250237,Strong Growth,Low Inflation,Goldilocks
2014Q4,0.49629315732038215,1.1647293611448155,Weak Growth,Low Inflation,Deflationary Slowdown
2015Q1,0.888099000821585,-0.11299790852150234,Strong Growth,Low Inflation,Goldilocks
2015Q2,0.6192246325636086,0.03685801286847923,Strong Growth,Low Inflation,Goldilocks
2015Q3,0.397622156519839,0.15861095706986758,Weak Growth,Low Inflation,Deflationary Slowdown
2015Q4,0.1745424918011773,0.40088650970850165,Weak Growth,Low Inflation,Deflationary Slowdown
2016Q1,0.5701061289696829,0.992132059419748,Strong Growth,Low Inflation,Goldilocks
2016Q2,0.32342753349741127,1.110129582424683,Weak Growth,Low Inflation,Deflationary Slowdown
2016Q3,0.7172463996738099,1.1574412742609101,Strong Growth,Low Inflation,Goldilocks
2016Q4,0.5455198647860593,1.8070191165781753,Strong Growth,Low Inflation,Goldilocks
2017Q1,0.49629315732038215,2.587317088715224,Weak Growth,Low Inflation,Deflationary Slowdown
2017Q2,0.5701061289696829,1.8910441495454993,Strong Growth,Low Inflation,Goldilocks
2017Q3,0.7905753498819612,1.9445980461082553,Strong Growth,Low Inflation,Goldilocks
2017Q4,1.1306785324635138,2.1077274456601014,Strong Growth,Low Inflation,Goldilocks
2018Q1,0.8149828042316898,2.2485791879352477,Strong Growth,Low Inflation,Goldilocks
2018Q2,0.5209155512190033,2.686822867847271,Strong Growth,Low Inflation,Goldilocks
2018Q3,0.6192246325636086,2.609701249415005,Strong Growth,Low Inflation,Goldilocks
2018Q4,0.1496636763991699,2.213913984075311,Weak Growth,Low Inflation,Deflationary Slowdown
2019Q1,0.6192246325636086,1.6298790814225732,Strong Growth,Low Inflation,Goldilocks
2019Q2,0.8393725442048305,1.8225629733199078,Strong Growth,Low Inflation,Goldilocks
2019Q3,1.1789855338339539,1.7494900832476217,Strong Growth,Low Inflation,Goldilocks
2019Q4,0.6927677865161241,2.048597188147997,Strong Growth,Low Inflation,Goldilocks
2020Q1,-1.3261475581779703,2.145041540298546,Weak Growth,Low Inflation,Deflationary Slowdown
2020Q2,-7.88441296806186,0.4093016269363388,Weak Growth,Low Inflation,Deflationary Slowdown
2020Q3,7.771266702158086,1.2229858344598554,Strong Growth,Low Inflation,Goldilocks
2020Q4,1.1306785324635138,1.2421835627618967,Strong Growth,Low Inflation,Goldilocks
2021Q1,1.39551533465323,1.903826424978372,Strong Growth,Low Inflation,Goldilocks
2021Q2,1.7058525001811375,4.782322275059399,Strong Growth,High Inflation,Overheating
2021Q3,0.8149828042316898,5.249466758017444,Strong Growth,High Inflation,Overheating
2021Q4,1.7058525001811375,6.770451026354821,Strong Growth,High Inflation,Overheating
2022Q1,-0.2509430066318874,8.022763153166501,Weak Growth,High Inflation,Stagflation
2022Q2,0.1496636763991699,8.583094356508363,Weak Growth,High Inflation,Stagflation
2022Q3,0.7172463996738099,8.292420934124914,Strong Growth,High Inflation,Overheating
2022Q4,0.6927677865161241,7.0954236055280475,Strong Growth,High Inflation,Overheating
2023Q1,0.7172463996738099,5.734239539662382,Strong Growth,High Inflation,Overheating
2023Q2,0.6192246325636086,4.050849394502169,Strong Growth,High Inflation,Overheating
2023Q3,1.154840684117464,3.56582023668428,Strong Growth,High Inflation,Overheating
2023Q4,0.8393725442048305,3.2335073757208863,Strong Growth,High Inflation,Overheating
2024Q1,0.1994027846918156,3.2440840134059754,Weak Growth,High Inflation,Stagflation
2024Q2,0.888099000821585,3.1917772196232925,Strong Growth,High Inflation,Overheating
2024Q3,0.8149828042316898,2.6583677719306698,Strong Growth,Low Inflation,Goldilocks
2024Q4,0.4716526520585962,2.7230024942220523,Weak Growth,Low Inflation,Deflationary Slowdown
2025Q1,-0.15033868614469093,2.7248477394889483,Weak Growth,Low Inflation,Deflationary Slowdown
2025Q2,0.9367549585383772,2.461035734512048,Strong Growth,Low Inflation,Goldilocks
2025Q3,1.0823022074380795,2.9012604599706933,Strong Growth,Low Inflation,Goldilocks
2026Q1,0.5209155512190033,2.7037210984628115,Strong Growth,Low Inflation,Goldilocks
2026Q2,0.37290889380929837,3.8031304167255384,Weak Growth,High Inflation,Stagflation
